nombreEvento;tipoEvento;detalleTipoRotacion;tema;fecha_edicion;fechaInicio;fechaFinalizacion;anio;mes;dia_inicio;dia_fin;fecha_texto;Verificación;Observaciones;sitioWeb;categoria;frecuencia;agrupacion;provincia;entidadOrganizadora;sedeRaw;localidad
UDAPALOOZA 2025;Evento Cultural;Único;Arte y diseño;2025-05-23;2025-05-23;2025-05-23;2025.0;mayo;23;23;Este viernes 23 de mayo;VERDADERO;;https://www.uda.edu.ar/index.php/noticias-psi/1677-udapalooza-2025;Académico;Anual;CONGRESOS Y CONVENCIONES;Mendoza;manual;Facultad de Psicología, Universidad del Aconcagua, Catamarca 361, Ciudad de Mendoza;Desconocido
Eventos mendoza nave cultural en Ciudad de Mendoza, Argentina ;Otro tipo de evento;NS/NC;Ns/Nc;;;;2025.0;;;;;VERDADERO;Eventos con diferentes fechas;https://www.eventbrite.com.ar/d/argentina--mendoza/mendoza-nave-cultural/;Académico;Anual;CONGRESOS Y CONVENCIONES;Mendoza;manual;Mendoza Nave Cultural;Desconocido
EPA! Encuentro de Públicos y Audiencias;Encuentro;Provincial;Cultura;2025-04-10;2025-04-10;2025-04-13;2025.0;abril;10;13;Desde hoy, jueves 10, al domingo 13 de abril;VERDADERO;;https://www.mendoza.gov.ar/prensa/mendoza-vive-la-primera-edicion-de-epa-encuentro-de-publicos-y-audiencias/;Académico;Anual;CONGRESOS Y CONVENCIONES;Mendoza;manual;espacios independientes y salas oficiales de la provincia. La cartelera contará con funciones para escuelas y para público en general con entradas accesibles y algunas gratuitas. Los lugares de encuentro como las salas oficiales y espacios independientes en donde se desplegará la programación del encuentro son: Nave Cultural, Espacio Cultural Julio Le Parc, Cine Teatro Plaza (funciones para escuelas), Tajamar, Casa Violenta y Centro Cultural Uspallata.;MENDOZA
I Congreso Iberoamericano de Criminología Aplicada;Congreso;Nacional;Derecho;2025-05-02;2025-07-03;2025-07-04;2025.0;Julio;3;4;03 y 04 de julio 2025;VERDADERO;Corregido;https://www.uda.edu.ar/index.php/archivo-novedades-fps;Académico;Anual;CONGRESOS Y CONVENCIONES;Mendoza;manual;;Desconocido
Mes de la Vinculación;Otro tipo de evento;Nacional - Regional (Cuyo);Multisectorial;2025-06-04;2025-06-05;2025-06-05;2025.0;junio;5;5;El 5 empieza;VERDADERO;Corregido;https://www.uncuyo.edu.ar/prensa/mes-de-la-vinculacion-la-uncuyo-busca-ser-parte-activa-en-el-desarrollo-social-y-productivo;Académico;Anual;CONGRESOS Y CONVENCIONES;Mendoza;manual;Mendoza;MENDOZA
La DGE participó en actividades por el Día Mundial del Síndrome de Down;Otro tipo de evento;Provincial;Educación;2025-03-18;2025-03-20;2025- 03-20;2025.0;marzo;;;del 20 de marzo;VERDADERO;;https://www.mendoza.gov.ar/prensa/la-dge-participo-de-actividades-por-el-dia-mundial-del-sindrome-de-down/;Académico;Anual;CONGRESOS Y CONVENCIONES;Mendoza;manual;"sede de San Rafael de la Universidad de Mendoza; Kilómetro 0 de San Rafael; Escuela Nº20 APRID";Desconocido
Clasicos 2025;Otro tipo de evento;NS/NC;Ns/Nc;;;;2025.0;;;;;VERDADERO;Eventos con diferentes fechas;https://www.eventbrite.com.ar/d/argentina--mendoza/clasicos-2025/;Académico;Anual;CONGRESOS Y CONVENCIONES;Mendoza;manual;Ciudad de Mendoza;Desconocido
World Hat Walk 2025: Mendoza se une a la celebración global de sombreros;Otro tipo de evento;Nacional - Regional (Cuyo);Diseño de indumentaria y moda;2025-03-28;2025-04-27;2025-04-27;2025.0;abril;27;27;27 de abril de 2025;VERDADERO;;https://mendoza.puntoapunto.com.ar/world-hat-walk-2025-mendoza-se-une-a-la-celebracion-global-de-sombreros/;Académico;Anual;CONGRESOS Y CONVENCIONES;Mendoza;manual;Parque General San Martín;Desconocido
I Congreso Internacional de Emprendedurismo: Formación, Investigación y Desarrollo;Congreso;Nacional;Management y negocios;2025-03-06;2025-04-14;2025-04-16;2025.0;abril;14;16;del 14 al 16 de abril de 2025;VERDADERO;;https://www.umaza.edu.ar/el-congreso-que-marcara-el-futuro-del-emprendedurismo;Académico;Anual;CONGRESOS Y CONVENCIONES;Mendoza;manual;La Universidad Juan Agustín Maza de Mendoza;Desconocido
Concurso de Fotografía de la Fundación PI D. Chiesa;Exposición;Nacional;Arte y diseño;2025-03-12;2025-04-24;2025-06-08;2025.0;abril;24;8;del 24 de abril al 8 de junio de 2025;VERDADERO;;https://www.umaza.edu.ar/atractivo-concurso-internacional-de-fotografia;Académico;Anual;CONGRESOS Y CONVENCIONES;Mendoza;manual;Reggio Emilia (Italia);Desconocido
Los recomendados para este fin de semana;Evento Cultural;Provincial;Cultura;2025-03-27;2025-03-28;2025-03-30;2025.0;marzo;28;30;del viernes 28 de marzo al domingo 30;VERDADERO;;https://www.mendoza.gov.ar/prensa/los-recomendados-para-este-fin-de-semana/;Académico;Anual;CONGRESOS Y CONVENCIONES;Mendoza;manual;Mendoza;MENDOZA
II Coloquio Nacional Literatura Argentina del Siglo XIX: Homenaje a Juana Paula Manso;Congreso;Nacional;Literatura;2025-04-21;2025-04-21;2025-04-25;2025.0;abril;21;25;desde el lunes 21 al viernes 25 de abril de 2025;VERDADERO;;https://ffyl.uncuyo.edu.ar/cursos/item/ii-coloquio-nacional-literatura-argentina-del-siglo-xix-homenaje-a-juana-paula-manso;Académico;Anual;CONGRESOS Y CONVENCIONES;Mendoza;manual;Facultad de Filosofía y Letras, Universidad Nacional de Cuyo;Desconocido
Consenso y participación en la Asamblea Ordinaria 2025;Asamblea;Local;Economía;2025-05-23;2025-05-22;2025-05-22;2025.0;mayo;22;22;jueves 22 de mayo;VERDADERO;;https://cpcemza.org.ar/A6071_consenso-y-participacion-en-la-asamblea-ordinaria-2025-;Académico;Anual;CONGRESOS Y CONVENCIONES;Mendoza;manual;Campus Dr. Manuel Belgrano del Consejo Profesional de Ciencias Económicas de Mendoza;Desconocido
Defensa de tesis Lic. Carlos Tomas Elias;Otro tipo de evento;Único;Ciencias históricas y sociales;2025-03-10;2025-03-07;2025-03-07;2025.0;marzo;7;7;7 de marzo de 2025;VERDADERO;;https://ffyl.uncuyo.edu.ar/defensa-de-tesis-lic-carlos-tomas-elias;Académico;Anual;CONGRESOS Y CONVENCIONES;Mendoza;manual;Aula C10, Facultad de Filosofía y Letras;Desconocido
Arte y Agua: Metáfora de Vida y Fuerza Transformadora;Exposición;Local;Arte y diseño;2025-04-11;2025-04-11;2025-04-11;2025.0;abril;11;11;11 DE ABRIL, 2025;VERDADERO;;https://www.mendoza.gov.ar/cultura/actividades-artisticas/inaugura-en-san-rafael-la-muestra-arte-y-agua-metafora-de-vida-y-fuerza-transformadora/;Académico;Anual;CONGRESOS Y CONVENCIONES;Mendoza;manual;Museo de Arte Omar Reina, ubicado en Bernardo de Irigoyen 148, de San Rafael;Desconocido
Defensa de tesis Prof. Fernando Lautaro Ramirez;Otro tipo de evento;Único;Ciencias históricas y sociales;2025-05-29;2025-05-27;2025-05-27;2025.0;mayo;27;27;27 de mayo de 2025;VERDADERO;;https://ffyl.uncuyo.edu.ar/defensa-de-tesis-prof-fernando-lautaro-ramirez;Académico;Anual;CONGRESOS Y CONVENCIONES;Mendoza;manual;Facultad de Filosofía y Letras, UNCUYO;Desconocido
RPG Godoy Cruz: El universo del Rol y la literatura se encuentran;Evento Cultural;Local;Literatura;2025-04-08;2025-04-12;2025-04-13;2025.0;abril;12;13;del 12 al 13 de abril;VERDADERO;;https://www.godoycruz.gob.ar/rpg-godoy-cruz-universo-del-rol-la-literatura-se-encuentran/;Académico;Anual;CONGRESOS Y CONVENCIONES;Mendoza;manual;la B + M Manuel Belgrano (Tomba 54) y la Casa de la Cultura y la Memoria (Colón 126);MENDOZA
Audiencia Pública del Malargüe Distrito Minero Occidental 2;Otro tipo de evento;Provincial;Ecología y medio ambiente;2025-05-10;2025-05-10;2025-05-11;2025.0;mayo;10;11;"10 DE MAYO, 2025; mañana domingo 11 de mayo de 2025";VERDADERO;;https://www.mendoza.gov.ar/prensa/la-audiencia-publica-del-malargue-distrito-minero-occidental-ii-paso-a-cuarto-intermedio-para-garantizar-la-participacion-de-todos-los-inscriptos/;Académico;Anual;CONGRESOS Y CONVENCIONES;Mendoza;manual;Centro de Convenciones y Exposiciones Thesaurus;Desconocido
Malvinas, retratos de un sentimiento;Exposición;Provincial;Cultura;2025-05-27;2025-06-10;2025-06-13;2025.0;junio;10;13;Del 10 al 13 de junio;VERDADERO;;https://www.ucongreso.edu.ar/san-juan-la-universidad-de-congreso-homenajea-a-malvinas-con-una-muestra-fotografica-y-un-libro-conmemorativo/;Académico;Anual;CONGRESOS Y CONVENCIONES;Mendoza;manual;Centro Cultural Conte Grand;Desconocido
EPA! Encuentro de Públicos y Audiencias;Encuentro;Provincial;Cultura;2025-04-10;2025-04-10;2025-04-13;2025.0;abril;10;13;Desde hoy, jueves 10, al domingo 13 de abril;VERDADERO;Evento repetido;https://www.mendoza.gov.ar/prensa/mendoza-vive-la-primera-edicion-de-epa-encuentro-de-publicos-y-audiencias/;Académico;Anual;CONGRESOS Y CONVENCIONES;Mendoza;manual;espacios independientes y salas oficiales de la provincia. La cartelera contará con funciones para escuelas y para público en general con entradas accesibles y algunas gratuitas. Los lugares de encuentro como las salas oficiales y espacios independientes en donde se desplegará la programación del encuentro son: Nave Cultural, Espacio Cultural Julio Le Parc, Cine Teatro Plaza (funciones para escuelas), Tajamar, Casa Violenta y Centro Cultural Uspallata.;MENDOZA
Forbes Mining Summit 2025;Foro;Nacional;Minería;2025-05-20;2025-05-20;2025-05-22;2025.0;mayo;20;22;del 20 al 22 de mayo;VERDADERO;;https://www.mendoza.gov.ar/prensa/latorre-mendoza-crea-herramientas-concretas-para-apalancar-el-financiamiento-minero/;Académico;Anual;CONGRESOS Y CONVENCIONES;Mendoza;manual;Buenos Aires;Desconocido
Chile celebra en Mendoza su Día de los Patrimonios culturales 2025;Evento Cultural;Provincial;Cultura;2025-05-29;2025-05-31;2025-05-31;2025.0;mayo;31;31;Este sábado 31 de mayo;VERDADERO;;https://www.mendoza.gov.ar/prensa/chile-celebra-en-mendoza-su-dia-de-los-patrimonios-culturales-2025/;Académico;Anual;CONGRESOS Y CONVENCIONES;Mendoza;manual;Mendoza;MENDOZA
I Congreso Internacional de Emprendedurismo: Formación, Investigación y Desarrollo;Congreso;Nacional;Management y negocios;2025-03-06;2025-04-14;2025-04-16;2025.0;abril;14;16;del 14 al 16 de abril de 2025;VERDADERO;;https://www.umaza.edu.ar/el-congreso-que-marcara-el-futuro-del-emprendedurismo;Académico;Anual;CONGRESOS Y CONVENCIONES;Mendoza;manual;La Universidad Juan Agustín Maza de Mendoza;Desconocido
Concurso de Fotografía de la Fundación PI D. Chiesa;Exposición;Nacional;Otro;2025-03-12;2025-04-24;2025-06-08;2025.0;abril;24;8;del 24 de abril al 8 de junio de 2025;VERDADERO;;https://www.umaza.edu.ar/atractivo-concurso-internacional-de-fotografia;Académico;Anual;CONGRESOS Y CONVENCIONES;Mendoza;manual;Reggio Emilia (Italia);Desconocido
Con distintas actividades, Mendoza conmemora un nuevo aniversario del 25 de Mayo;Evento Cultural;Provincial;Cultura;2025-05-22;2025-05-25;2025-05-25;2025.0;Mayo;25;25;25 de Mayo;VERDADERO;;https://www.mendoza.gov.ar/prensa/con-distintas-actividades-mendoza-conmemora-un-nuevo-aniversario-del-25-de-mayo/;Académico;Anual;CONGRESOS Y CONVENCIONES;Mendoza;manual;Varias localidades de Mendoza (Guaymallén, Las Vegas, Lavalle, Ciudad de Mendoza, Luján de Cuyo, Godoy Cruz, Las Heras, San Rafael, San Martín, San Carlos, Tupungato, Rivadavia, General Alvear, Santa Rosa);MENDOZA
Resistencia Chaco 2025 Bronco;Otro tipo de evento;NS/NC;Ns/Nc;2023-10-27;;;2025.0;;;;;VERDADERO;Varios eventos que no se realiza en mendoza;https://www.eventbrite.com.ar/d/argentina--chaco/resistencia-chaco-2025-bronco/;Académico;Anual;CONGRESOS Y CONVENCIONES;Mendoza;manual;Resistencia Chaco;Desconocido
Gran Premio Vendimia del Zonal Cuyano;Evento Deportivo Nacional;Nacional - Regional (Cuyo);Automotores;2025-04-14;2025-04-12;2025-04-13;2025.0;Abril;12;13;Segunda fecha del campeonato 2025 del Zonal Cuyano.;VERDADERO;;https://www.mendovoz.com/deportes/automovilismo/2025/4/14/el-gran-premio-vendimia-del-zonal-cuyano-se-lucio-en-san-martin-154972.html;Académico;Anual;CONGRESOS Y CONVENCIONES;Mendoza;manual;autódromo del departamento de San MartÃ­n;Desconocido
World Hat Walk 2025;Evento Cultural;Nacional - Regional (Cuyo);Arte y diseño;2025-04-09;2025-04-27;2025-04-27;2025.0;abril;27;27;El próximo domingo 27 de abril;VERDADERO;;https://www.mendoza.gov.ar/prensa/world-hat-walk-2025-mendoza-se-une-a-la-celebracion-global-de-sombreros/;Académico;Anual;CONGRESOS Y CONVENCIONES;Mendoza;manual;Parque General San Martín;Desconocido
Mendoza Hat Walk;Evento Cultural;Nacional - Regional (Cuyo);Arte y diseño;2025-04-22;2025-04-27;2025-04-27;2025.0;abril;27;27;El próximo domingo 27 de abril;VERDADERO;;https://www.mendoza.gov.ar/prensa/que-esperar-de-la-mendoza-hat-walk/;Académico;Anual;CONGRESOS Y CONVENCIONES;Mendoza;manual;desde los Portones del Parque General San Martín hasta llegar al Museo Moyano;Desconocido
Jornadas Cuyanas de Dirección de Proyectos;Jornada;Nacional - Regional (Cuyo);Management y negocios;2015-05-29;2025-06-04;2025-06-04;2025.0;junio;4;4;jueves 4 de junio;VERDADERO;;https://www.uncuyo.edu.ar/prensa/profesionales-en-gestion-de-proyectos-se-reuniran-en-la-uncuyo?utm_campaign=Prensa&utm_term=56;Académico;Anual;CONGRESOS Y CONVENCIONES;Mendoza;manual;Anfiteatro Este de Ingeniería (primer piso, edificio de Gobierno);Desconocido
Presentación del Plan Maestro para el Sector Hídrico de Mendoza;Otro tipo de evento;Provincial;Ecología y medio ambiente;2025-02-17;;;2025.0;;;;;VERDADERO;;https://www.mendoza.gov.ar/prensa/el-gobernador-cornejo-destaco-la-importancia-del-plan-maestro-para-garantizar-el-agua-en-mendoza/;Académico;Anual;CONGRESOS Y CONVENCIONES;Mendoza;manual;Casa de Gobierno, Mendoza;Desconocido
Con distintas actividades, Mendoza conmemora un nuevo aniversario del 25 de Mayo;Evento Cultural;Provincial;Cultura;2025-05-22;2025-05-25;2025-05-25;2025.0;Mayo;25;25;25 de Mayo;VERDADERO;;https://www.mendoza.gov.ar/prensa/con-distintas-actividades-mendoza-conmemora-un-nuevo-aniversario-del-25-de-mayo/;Académico;Anual;CONGRESOS Y CONVENCIONES;Mendoza;manual;Guaymallén, Las Vegas, Lavalle, Ciudad de Mendoza, Luján de Cuyo, Godoy Cruz, Las Heras, San Rafael, San Martín, San Carlos, Tupungato, Rivadavia, General Alvear, Santa Rosa;MENDOZA
Encuentro Internacional de Café de Especialidad y Negocios;Encuentro;Nacional - Regional (Cuyo);Gastronomía;2025-04-23;2025-04-24;2025-04-26;2025.0;abril;24;26;entre el 24 y el 26 de abril;VERDADERO;;https://ecocuyo.com/nota/148541/tres-dias-para-aprender-conectar-y-disfrutar-del-cafe-de-especialidad-en-mendoza/;Académico;Anual;CONGRESOS Y CONVENCIONES;Mendoza;manual;Espacio Arizu, de Godoy Cruz, Mendoza;MENDOZA
;Otro tipo de evento;NS/NC;Ns/Nc;2025-05-27;;;2025.0;;;;;VERDADERO;;https://www.elsol.com.ar/el-mundo/videos-la-impactante-y-mortal-explosion-en-una-planta-quimica-de-china/;Académico;Anual;CONGRESOS Y CONVENCIONES;Mendoza;manual;;Desconocido
Coser Sueños Bordar Historias;Exposición;Provincial;Cultura;2025-01-16;2025-01-21;2025-02-28;2025.0;enero;21;28;El martes 21 de enero a las 20 horas... hasta el viernes 28 de febrero;VERDADERO;;https://viapais.com.ar/gualeguaychu/el-museo-del-carnaval-inaugura-una-muestra-itinerante-en-parana/;Académico;Anual;CONGRESOS Y CONVENCIONES;Mendoza;manual;Museo Casa de Gobierno de Paraná, en la esquina de las calles México y Córdoba de la ciudad de Paraná;Desconocido
40º Congreso Nacional de Viveristas - 19ª Exposición Profesional;Congreso;Nacional;Agricultura y ganadería;2025-04-24;2025-04-24;2025-04-24;2025.0;abr;24;24;Jue, 24 abr. 2025;VERDADERO;;https://www.eventbrite.com.ar/e/40o-congreso-nacional-de-viveristas-19a-exposicion-profesional-tickets-1234804155469;Académico;Anual;CONGRESOS Y CONVENCIONES;Mendoza;manual;NS/NC;Desconocido
Mini galería POP UP: Expo proyectos seleccionados 2025;Exposición;Local;Arquitectura;2025-06-05;2025-06-13;2025-06-13;2025.0;Junio;13;13;13 de junio de 2025;VERDADERO;;https://camza.org.ar/mini-galeria-pop-up-expo-proyectos-seleccionados-2025/;Académico;Anual;CONGRESOS Y CONVENCIONES;Mendoza;manual;Sede Colegio de Arquitectos de Mendoza. Mitre 617, 1º Piso, Ciudad;Desconocido
"1ª expo mini Galería POP UP 2025 ""edición especial""";Exposición;Local;Arquitectura;2025-04-14;2025-04-25;2025-04-25;2025.0;abril;25;25;Viernes 25 de Abril;VERDADERO;;https://camza.org.ar/1a-expo-mini-galeria-pop-up-2025-edicion-especial/;Académico;Anual;CONGRESOS Y CONVENCIONES;Mendoza;manual;Sede Colegio de Arquitectos de Mendoza. Mitre 617, 1o Piso, Ciudad;Desconocido
;Otro tipo de evento;NS/NC;Ns/Nc;;2025-03-11;2025-03-14;;;;;;VERDADERO;;https://uca.edu.ar/es/noticias/la-uca-participara-de-expoagro-2025-1;Académico;Anual;CONGRESOS Y CONVENCIONES;Mendoza;manual;;Desconocido
Galería Pop Up del CAMZA: ¡conocé los proyectos seleccionados del 2025!;Exposición;Local;Arquitectura;2025-04-24;2025-04-25;;2025.0;;25;;25 de Abril a las 20:45 h;VERDADERO;;https://camza.org.ar/galeria-pop-up-del-camza-conoce-los-proyectos-seleccionados-del-2025/;Académico;Anual;CONGRESOS Y CONVENCIONES;Mendoza;manual;sede central del CAMZA (Mitre 617, 1º Piso), de acuerdo a lo fijado en las Bases;Desconocido
Visitá la muestra de Ian Dutari en la galería Pop up del CAMZA;Exposición;Local;Arquitectura;2025-05-07;2025-04-25;2025-05-31;2025.0;abril;25;31;25 de abril, hasta el 31 de mayo;VERDADERO;;https://camza.org.ar/visita-la-muestra-de-ian-dutari-en-la-galeria-pop-up-del-camza/;Académico;Anual;CONGRESOS Y CONVENCIONES;Mendoza;manual;Mini Galería POP UP se encuentra en la sede del CAMZA, ubicada en Mitre 617, 1° Piso, Ciudad de Mendoza;Desconocido
"""El render ha muerto"", Manes disertó en el CAMZA a sala llena";Conferencia;Nacional - Regional (Cuyo);Arquitectura;2025-03-11;;;2025.0;;;;;VERDADERO;Si bien no hay fechas la información es correcta, ya que en la página no se da a conocer dicha infomación ;https://camza.org.ar/el-render-ha-muerto-manes-diserto-en-el-camza-a-sala-llena/;Académico;Anual;CONGRESOS Y CONVENCIONES;Mendoza;manual;Regional Centro del Colegio de Arquitectos de Mendoza (CAMZA);Desconocido
Dibujando arquitectura;Seminario;Provincial;Arquitectura;2025-04-04;2025-04-25;2025-04-25;2025.0;abril;25;25;viernes 25 de abril;VERDADERO;;https://camza.org.ar/ian-dutari-va-a-dictar-un-seminario-sobre-dibujos-y-arquitectura/;Académico;Anual;CONGRESOS Y CONVENCIONES;Mendoza;manual;Regional Centro del Colegio de Arquitectos de Mendoza (CAMZA);Desconocido
Conversatorio sobre participación política y acciones positivas;Jornada;Local;Derecho;2025-06-18;2025-06-24;2025-06-24;2025.0;junio;24;24;24 de junio;VERDADERO;;https://colabogmza.com.ar/author/martina/;Académico;Anual;CONGRESOS Y CONVENCIONES;Mendoza;manual;Facultad de Derecho de la UNCuyo;Desconocido
Jornadas de Derecho Civil;Jornada;Provincial;Derecho;2025-05-18;2025-06-03;2025-06-03;2025.0;junio;3;3;3 de junio;VERDADERO;;https://colabogmza.com.ar/aida-kemelmajer-de-carlucci-expondra-sobre-prevencion-del-dano/;Académico;Anual;CONGRESOS Y CONVENCIONES;Mendoza;manual;sede del Colegio de Abogados y Procuradores de la Primera Circunscripción Judicial de Mendoza. En el marco de los 10 años del Código, celebrarán el aporte de la Jurista en su elaboración como coautora. Además, se presentará el Tratado de «Alimentos» de la Dra Mariel Molina de Juan. Se cumple el décimo aniversario de la entrada en vigencia del Código Civil y Comercial de la Nación. En este contexto, se realizará una jornada de Derecho Civil donde se le entregará un reconocimiento a la Dra. Aida Kemelmajer de Carlucci, coautora del Código. El encuentro será el martes 3 de junio, de 15.30 a 18.30, en el salón de actos de la institución ubicado en Pedro Molina 447 de Ciudad.;Desconocido
Originales: Exposición colectiva;Exposición;Local;Arquitectura;2025-05-15;2025-05-16;2025-05-16;2025.0;mayo;16;16;16 de mayo a las 20 horas;VERDADERO;;https://um.edu.ar/noticias/originales-exposicion-colectiva-en-el-museo-municipal-de-arte-moderno-de-mendoza/;Académico;Anual;CONGRESOS Y CONVENCIONES;Mendoza;manual;Museo Municipal de Arte Moderno de Mendoza;MENDOZA
Tres exposiciones se inaugurarán este viernes en el MMAMM;Exposición;Local;Arte y diseño;2025-05-15;2025-05-16;2025-05-16;2025.0;mayo;16;16;viernes 16 de mayo, a las 20;VERDADERO;;https://www.elsol.com.ar/cultura/tres-exposiciones-se-inauguran-este-viernes-en-el-mmamm/;Académico;Anual;CONGRESOS Y CONVENCIONES;Mendoza;manual;Museo Municipal de Arte Moderno, en la Plaza Independencia. En la sala oeste del MMAMM se exhibirá “Originales”, una muestra curada por profesores de la Facultad de Arquitectura, Urbanismo y Diseño de la Universidad de Mendoza. La sala este del museo albergará “Ciudad de papel”, una exposición que pone en valor el archivo municipal de planos y documentos de obra pública de la Ciudad de Mendoza. En la sala norte del teatro Quintanilla podrá visitarse “Oruga azul”;Desconocido
Se viene Star Wars Day: Todo lo que tenés que saber;Exposición;Local;Entretenimiento, parques y atracciones;2025-04-25;2025-05-04;2025-05-04;2025.0;mayo;4;4;El día 4 de mayo, desde las 12H;VERDADERO;;https://www.godoycruz.gob.ar/se-viene-star-wars-day-lo-tenes-saber2/;Académico;Anual;CONGRESOS Y CONVENCIONES;Mendoza;manual;Espacio Verde Luis Menotti Pescarmona de Godoy Cruz;Desconocido
Se inauguró la muestra por el 167º Aniversario de Guaymallén en el Espacio Le Parc;Exposición;Local;Arte y diseño;2025-05-06;2025-05-06;2025-05-22;2025.0;mayo;6;22;hasta el 22 de mayo de 2025;VERDADERO;;https://www.guaymallen.gob.ar/se-inauguro-la-muestra-por-el-167o-aniversario-de-guaymallen-en-el-espacio-le-parc/;Académico;Anual;CONGRESOS Y CONVENCIONES;Mendoza;manual;Espacio Cultural Julio Le Parc. Mitre y Godoy de San José;GUAYMALLEN
Destacados artistas visuales se unen en una muestra por el 167º Aniversario de Guaymallén;Exposición;Local;Arte y diseño;2025-04-30;2025-05-05;2025-05-22;2025.0;mayo;5;22;el lunes 5 de mayo, a las 20h, [...] hasta el 22 de mayo de 2025;VERDADERO;;https://www.guaymallen.gob.ar/destacados-artistas-visuales-se-unen-en-una-muestra-por-el-167o-aniversario-de-guaymallen/;Académico;Anual;CONGRESOS Y CONVENCIONES;Mendoza;manual;Espacio Cultural Julio Le Parc, Mitre y Godoy de San José;GUAYMALLEN
Arte y Agua: Metáfora de Vida y Fuerza Transformadora;Exposición;Local;Arte y diseño;2025-04-11;2025-04-11;2025-04-11;2025.0;abril;11;11;este viernes 11 de abril;VERDADERO;;https://www.mendoza.gov.ar/cultura/actividades-artisticas/inaugura-en-san-rafael-la-muestra-arte-y-agua-metafora-de-vida-y-fuerza-transformadora/;Académico;Anual;CONGRESOS Y CONVENCIONES;Mendoza;manual;Museo de Arte Omar Reina, ubicado en Bernardo de Irigoyen 148, de San Rafael;Desconocido
“Manifestaciones sutiles”: Ángeles Díaz y Ely Barbero presentan sus óleos y acuarelas en la sala del Lauriente;Exposición;Local;Arte y diseño;2025-06-06;2025-06-12;2025-07-08;2025.0;junio;12;8;el próximo 12 de junio, a partir de las 20h, con entrada gratuita. La exposición estará expuesta hasta el 8 de julio de 2025;VERDADERO;;https://www.guaymallen.gob.ar/manifestaciones-sutiles-angeles-diaz-y-ely-barbero-presentan-sus-oleos-y-acuarelas-en-la-sala-del-lauriente/;Académico;Anual;CONGRESOS Y CONVENCIONES;Mendoza;manual;espacio de arte del Centro Cultural Pascual Lauriente, el próximo jueves 12 de junio, a partir de las 20h, con entrada gratuita. La exposición estará expuesta hasta el 8 de julio de 2025 y podrá ser visitada de lunes a viernes, de 9 a 18h, en Bandera de los Andes 8956 de Rodeo de la Cruz;Desconocido
Eventos marzo 2025 en Mendoza, Argentina;Otro tipo de evento;NS/NC;Multisectorial;2024-10-26;;;2025.0;Marzo;;;Marzo 2025;VERDADERO;;https://www.eventbrite.com.ar/d/argentina--mendoza--85668007/marzo-2025/;Académico;Anual;CONGRESOS Y CONVENCIONES;Mendoza;manual;Mendoza;MENDOZA
EPA! Encuentro de Públicos y Audiencias;Encuentro;Provincial;Cultura;2025-04-10;2025-04-10;2025-04-13;2025.0;abril;10;13;Desde hoy, jueves 10, al domingo 13 de abril;VERDADERO;;https://www.mendoza.gov.ar/prensa/mendoza-vive-la-primera-edicion-de-epa-encuentro-de-publicos-y-audiencias/;Académico;Anual;CONGRESOS Y CONVENCIONES;Mendoza;manual;espacios independientes y salas oficiales de la provincia. La cartelera contará con funciones para escuelas y para público en general con entradas accesibles y algunas gratuitas. Los lugares de encuentro como las salas oficiales y espacios independientes en donde se desplegará la programación del encuentro son: Nave Cultural, Espacio Cultural Julio Le Parc, Cine Teatro Plaza (funciones para escuelas), Tajamar, Casa Violenta y Centro Cultural Uspallata.;MENDOZA
Intensa actividad en los espacios culturales de Mendoza;Evento Cultural;Nacional - Regional (Cuyo);Cultura;2025-05-05;2025-05-01;2025-05-04;2025.0;mayo;1;4;Del 1 al 4 de mayo;VERDADERO;;https://www.mendoza.gov.ar/prensa/intensa-actividad-en-los-espacios-culturales-de-mendoza-2/;Académico;Anual;CONGRESOS Y CONVENCIONES;Mendoza;manual;Mendoza;MENDOZA
;Otro tipo de evento;NS/NC;Ns/Nc;;;;;;;;;VERDADERO;;https://www.mendoza.gov.ar/wp-content/uploads/sites/5/2025/05/Anexos-Discruso-2025.pdf;Académico;Anual;CONGRESOS Y CONVENCIONES;Mendoza;manual;;Desconocido
Jornadas Instalar;Jornada;Nacional;Industria/Industrial;2025-04-11;2025-04-11;2025-04-12;2025.0;ABRIL;11;12;11-12 de abril de 2025;VERDADERO;;https://www.jornadasinstalar.com.ar/mardelplata/agenda.php;Académico;Anual;CONGRESOS Y CONVENCIONES;Mendoza;manual;Mar del Plata Centro de Convenciones Sheraton Hotel;Desconocido
Jornadas Instalar;Jornada;Nacional - Regional (Centro);Tecnología;2025-04-11;2025-04-11;2025-04-12;2025.0;ABRIL;11;12;11-12 de abril de 2025;VERDADERO;;https://www.jornadasinstalar.com.ar/mardelplata/;Académico;Anual;CONGRESOS Y CONVENCIONES;Mendoza;manual;MAR DEL PLATA Centro de Convenciones Sheraton Hotel;Desconocido
Bitcoin 2025;Conferencia;Nacional;Tecnología;2023-10-27;;;2025.0;;;;;VERDADERO;;https://www.eventbrite.com.ar/d/el-salvador/bitcoin-2025/;Académico;Anual;CONGRESOS Y CONVENCIONES;Mendoza;manual;El Salvador;Desconocido
Expocomer Panamá 2025;Feria;Nacional;Multisectorial;2025-03-28;2025-03-24;2025-03-28;2025.0;marzo;24;28;Entre el 24 y el 28 de marzo de 2025;VERDADERO;;https://www.mendoza.gov.ar/prensa/empresas-mendocinas-se-destacaron-en-expocomer-panama-2025/;Académico;Anual;CONGRESOS Y CONVENCIONES;Mendoza;manual;Ciudad de Panamá;Desconocido
La CAC expuso ante una comitiva de empresarios estadounidenses;Otro tipo de evento;Nacional;Economía;2025-04-14;;;2025.0;;;;;VERDADERO;;https://cac.com.ar/noticias/la-cac-expuso-ante-una-comitiva-de-empresarios-estadounidenses;Académico;Anual;CONGRESOS Y CONVENCIONES;Mendoza;manual;Hotel Hilton;Desconocido
Electronic Music Festival 2025;Otro tipo de evento;Local;Entretenimiento, parques y atracciones;2025-10-27;;;2025.0;;;;;VERDADERO;;https://www.eventbrite.com.ar/d/spain--m%C3%A1laga/electronic-music-festival-2025/;Académico;Anual;CONGRESOS Y CONVENCIONES;Mendoza;manual;Málaga, España;Desconocido
"Diálogos de Arte y Vino en la
Terraza de Cassa Lepage";Evento Cultural;Único;Arte y diseño;2025-07-01;2025-07-01;2025-07-01;2025.0;julio;1;1;martes, 1 de julio;VERDADERO;;https://www.eventbrite.com.ar/e/dialogos-de-arte-y-vino-en-la-terraza-de-cassa-lepage-registration-1096316595449;Académico;Anual;CONGRESOS Y CONVENCIONES;Mendoza;manual;Cassa Lepage Art Hotel Buenos Aires 373 Bolívar Monserrat, CABA C1066;Desconocido
Dobro Vino i Sretan Uskrs;Evento Cultural;Local;Arte y diseño;2025-04-14;2025-04-15;2025-04-19;2025.0;abril;15;19;desde el 15 de abril (comienzo de la intervención artística) hasta el 19 de abril (acto de cierre a las 12);VERDADERO;;https://www.mendoza.gov.ar/prensa/la-comunidad-croata-en-mendoza-celebra-una-nueva-vendimia-y-pascuas/;Académico;Anual;CONGRESOS Y CONVENCIONES;Mendoza;manual;Planta Uno, Colón y Ceretti, Godoy Cruz;Desconocido
World Hat Walk 2025;Evento Cultural;Nacional - Regional (Cuyo);Arte y diseño;2025-04-09;2025-04-27;2025-04-27;2025.0;abril;27;27;domingo 27 de abril;VERDADERO;;https://www.mendoza.gov.ar/prensa/world-hat-walk-2025-mendoza-se-une-a-la-celebracion-global-de-sombreros/;Académico;Anual;CONGRESOS Y CONVENCIONES;Mendoza;manual;Parque General San Martín;Desconocido
Feria Internacional del Libro de Buenos Aires;Feria;Nacional;Literatura;2025-05-11;;;2025.0;mayo;;;Hasta este domingo se lleva a cabo la 49ª Feria Internacional del Libro de Buenos Aires;VERDADERO;;https://www.mendoza.gov.ar/prensa/mendoza-fue-protagonista-principal-en-la-feria-internacional-del-libro-2025/;Académico;Anual;CONGRESOS Y CONVENCIONES;Mendoza;manual;Predio Ferial La Rural;Desconocido
Cronograma 2025 de Educación Superior antes de iniciar las clases;Otro tipo de evento;Provincial;Educación;2025-02-06;2025-03-17;2025-03-25;2025.0;marzo;17;25;El cursado comenzará el 17 de marzo. Entre el lunes 17 y el martes 25 iniciará el cursado regular del primer cuatrimestre de todas las carreras.;VERDADERO;;https://www.mendoza.gov.ar/prensa/cronograma-2025-de-educacion-superior-antes-de-iniciar-las-clases/;Académico;Anual;CONGRESOS Y CONVENCIONES;Mendoza;manual;Mendoza;MENDOZA
Festival Provincial del Envero 2025;Evento Cultural;Provincial;Turismo y hotelería;2025-04-23;2025-05-03;2025-05-04;2025.0;mayo;3;4;Los días 3 y 4 de mayo de 2025;VERDADERO;;https://www.mendoza.gov.ar/prensa/mendoza-celebra-su-identidad-olivicola-en-el-festival-provincial-del-envero-2025/;Académico;Anual;CONGRESOS Y CONVENCIONES;Mendoza;manual;Parque Metropolitano de Maipú;Desconocido
;Otro tipo de evento;NS/NC;Ns/Nc;2024-10-26;;;2025.0;Marzo;;;Marzo 2025;VERDADERO;;https://www.eventbrite.com.ar/d/argentina--mendoza--85668007/marzo-2025/;Académico;Anual;CONGRESOS Y CONVENCIONES;Mendoza;manual;Mendoza;MENDOZA
RPG Godoy Cruz: El universo del Rol y la literatura se encuentran;Evento Cultural;Local;Literatura;2025-04-08;2025-04-12;2025-04-13;2025.0;abril;12;13;del 12 al 13 de abril;VERDADERO;;https://www.godoycruz.gob.ar/rpg-godoy-cruz-universo-del-rol-la-literatura-se-encuentran/;Académico;Anual;CONGRESOS Y CONVENCIONES;Mendoza;manual;la B + M Manuel Belgrano (Tomba 54) y la Casa de la Cultura y la Memoria (Colón 126);MENDOZA
Originales: Exposición colectiva;Exposición;Local;Arquitectura;2025-05-15;2025-05-16;2025-05-16;2025.0;mayo;16;16;16 de mayo a las 20 horas;VERDADERO;Repetido;https://um.edu.ar/noticias/originales-exposicion-colectiva-en-el-museo-municipal-de-arte-moderno-de-mendoza/;Académico;Anual;CONGRESOS Y CONVENCIONES;Mendoza;manual;Museo Municipal de Arte Moderno de Mendoza;MENDOZA
Comicruz: Homenaje a la Historieta Argentina;Exposición;Local;Arte y diseño;2025-05-12;2025-05-18;2025-05-18;2025.0;mayo;18;18;domingo 18 de mayo, a las 16 horas;VERDADERO;;https://www.godoycruz.gob.ar/se-viene-comicruz-homenaje-la-historieta-argentina-3/;Académico;Anual;CONGRESOS Y CONVENCIONES;Mendoza;manual;Centro Cristoforo Colombo (A. Tomba 246);Desconocido
Bodegas Caro te invita a una exposición vendimial;Exposición;Local;Cultura;2025-03-11;2025-03-13;2025-03-13;2025.0;marzo;13;13;El jueves 13 de marzo a las 20H será la inauguración;VERDADERO;;https://www.godoycruz.gob.ar/bodegas-caro-te-invita-una-exposicion-vendimial/;Académico;Anual;CONGRESOS Y CONVENCIONES;Mendoza;manual;bodega ubicada en Presidente Alvear 151 (Godoy Cruz);Desconocido
Hierro vivo;Exposición;Local;Arte y diseño;2025-02-07;2025-02-14;2025-04-30;2025.0;abril;14;30;El viernes 14, a las 20, ... Podrá visitarse hasta el 30 de abril;VERDADERO;;https://www.mendoza.gov.ar/prensa/inaugurara-la-muestra-hierro-vivo-con-esculturas-de-roberto-rosas-en-el-fader/;Académico;Anual;CONGRESOS Y CONVENCIONES;Mendoza;manual;Museo Emiliano Guiñazú – Casa de Fader, San Martín 3651, Mayor Drummond, Luján de Cuyo;Desconocido
Se viene Star Wars Day: Todo lo que tenés que saber;Exposición;Local;Entretenimiento, parques y atracciones;2025-04-25;2025-05-04;2025-05-04;2025.0;mayo;4;4;4 de mayo;VERDADERO;Repetido ;https://www.godoycruz.gob.ar/se-viene-star-wars-day-lo-tenes-saber2/;Académico;Anual;CONGRESOS Y CONVENCIONES;Mendoza;manual;Espacio Verde Luis Menotti Pescarmona de Godoy Cruz;Desconocido
Dobro Vino i Sretan Uskrs;Exposición;Local;Arte y diseño;2025-04-14;2025-04-15;2025-04-19;2025.0;abril;15;19;desde el 15 de abril y finalizará el día 19;VERDADERO;;https://www.godoycruz.gob.ar/la-comunidad-croata-celebra-pascuas-vendimia/;Académico;Anual;CONGRESOS Y CONVENCIONES;Mendoza;manual;Planta Uno de Godoy Cruz;Desconocido
Fiesta Nacional de las Acequias;Evento Cultural;Provincial;Cultura;2025-06-19;2025-03-15;2025-03-15;2025.0;marzo;15;15;marzo 15;VERDADERO;;https://www.godoycruz.gob.ar/evento/fiesta-nacional-las-acequias/;Académico;Anual;CONGRESOS Y CONVENCIONES;Mendoza;manual;Parque San Vicente;GODOY CRUZ
Powercon;Exposición;Local;Entretenimiento, parques y atracciones;2025-01-14;2025-01-25;2025-01-26;2025.0;enero;25;26;entre el sábado 25 y domingo 26 de enero;VERDADERO;;https://www.godoycruz.gob.ar/la-cultura-pop-salta-la-accion-powercon1/;Académico;Anual;CONGRESOS Y CONVENCIONES;Mendoza;manual;Espacio Arizu;GODOY CRUZ
EPA! Encuentro de Públicos y Audiencias;Encuentro;Provincial;Cultura;2025-04-10;2025-04-10;2025-04-13;2025.0;abril;10;13;Desde hoy, jueves 10, al domingo 13 de abril;VERDADERO;;https://www.mendoza.gov.ar/prensa/mendoza-vive-la-primera-edicion-de-epa-encuentro-de-publicos-y-audiencias/;Académico;Anual;CONGRESOS Y CONVENCIONES;Mendoza;manual;espacios independientes y salas oficiales de la provincia. La cartelera contará con funciones para escuelas y para público en general con entradas accesibles y algunas gratuitas. Los lugares de encuentro como las salas oficiales y espacios independientes en donde se desplegará la programación del encuentro son: Nave Cultural, Espacio Cultural Julio Le Parc, Cine Teatro Plaza (funciones para escuelas), Tajamar, Casa Violenta y Centro Cultural Uspallata.;MENDOZA
Feria de Artesanos y Emprendedores;Feria;Local;Arte y diseño;2025-04-11;2025-04-12;2025-04-13;2025.0;abril;12;13;este fin de semana, sábado 12 y domingo 13, de 11 a 20;VERDADERO;;https://www.mendoza.gov.ar/prensa/mendoza-celebra-las-pascuas-con-feria-de-artesanos-y-emprendedores-en-el-parque-general-san-martin/;Académico;Anual;CONGRESOS Y CONVENCIONES;Mendoza;manual;Paseo del Rosedal del Parque General San Martín;MENDOZA
Ecos de un reflejo;Exposición;Local;Arte y diseño;2025-01-31;2025-01-01;2025-03-16;2025.0;marzo;;16;hasta el 16 de marzo;VERDADERO;Solo hay fecha de fin;https://www.elsol.com.ar/cultura/se-inauguro-la-exposicion-de-arte-ecos-de-un-reflejo-en-el-anexo-del-mmamm-en-el-parque-central/;Académico;Anual;CONGRESOS Y CONVENCIONES;Mendoza;manual;Anexo MMAMM del Parque Central;Desconocido
Gobierno de Mendoza impulsa la moda sostenible con la apertura del stand de Moda Circular;Exposición;Local;Diseño de indumentaria y moda;2025-04-04;2025-04-04;2025-04-04;2025.0;abril;4;4;4 DE ABRIL, 2025;VERDADERO;;https://www.mendoza.gov.ar/prensa/gobierno-de-mendoza-impulsa-la-moda-sostenible-con-la-apertura-del-stand-de-moda-circular/;Académico;Anual;CONGRESOS Y CONVENCIONES;Mendoza;manual;Paseo de la Fuente del Parque General San Martín;Desconocido
Chile celebra en Mendoza su Día de los Patrimonios culturales 2025;Evento Cultural;Provincial;Cultura;2025-05-29;2025-05-31;2025-05-31;2025.0;mayo;31;31;Este sábado 31 de mayo;VERDADERO;;https://www.mendoza.gov.ar/prensa/chile-celebra-en-mendoza-su-dia-de-los-patrimonios-culturales-2025/;Académico;Anual;CONGRESOS Y CONVENCIONES;Mendoza;manual;Mendoza;MENDOZA
“Manifestaciones sutiles”;Exposición;Local;Arte y diseño;2025-06-06;2025-06-12;2025-07-08;2025.0;junio-julio;12;8;el próximo 12 de junio, a partir de las 20h;VERDADERO;(se corrigió fecha);https://www.guaymallen.gob.ar/manifestaciones-sutiles-angeles-diaz-y-ely-barbero-presentan-sus-oleos-y-acuarelas-en-la-sala-del-lauriente/;Académico;Anual;CONGRESOS Y CONVENCIONES;Mendoza;manual;espacio de arte del Centro Cultural Pascual Lauriente, el próximo jueves 12 de junio, a partir de las 20h, con entrada gratuita. La exposición estará expuesta hasta el 8 de julio de 2025 y podrá ser visitada de lunes a viernes, de 9 a 18h, en Bandera de los Andes 8956 de Rodeo de la Cruz.;Desconocido
Tres exposiciones se inaugurarán este viernes en el MMAMM;Exposición;Local;Arte y diseño;2025-05-15;2025-05-16;2025-05-16;2025.0;mayo;16;16;este viernes 16 de mayo;VERDADERO;Evento repetido;https://www.elsol.com.ar/cultura/tres-exposiciones-se-inauguran-este-viernes-en-el-mmamm/;Académico;Anual;CONGRESOS Y CONVENCIONES;Mendoza;manual;Museo Municipal de Arte Moderno, en la Plaza Independencia. En la sala oeste del MMAMM se exhibirá “Originales”, una muestra curada por profesores de la Facultad de Arquitectura, Urbanismo y Diseño de la Universidad de Mendoza. La sala este del museo albergará “Ciudad de papel”, una exposición que pone en valor el archivo municipal de planos y documentos de obra pública de la Ciudad de Mendoza. En la sala norte del teatro Quintanilla podrá visitarse “Oruga azul”;Desconocido
Infoday CUIA;Jornada;Nacional - Regional (Cuyo);Educación;2011-04-08;2025-04-14;2025-04-15;2025.0;abril;14;15;14 y 15 de abril;VERDADERO;;https://www.uncuyo.edu.ar/prensa/universidades-italianas-presentaran-posibilidades-de-cooperacion;Académico;Anual;CONGRESOS Y CONVENCIONES;Mendoza;manual;cilindro Sur del CICUNC;Desconocido
"""Copas y texturas"": arte, vino y música en una noche para los sentidos";Evento Cultural;Único;Arte y diseño;2025-06-06;2025-06-14;2025-06-14;2025.0;junio;14;14;sábado 14 de junio;VERDADERO;;https://www.mendovoz.com/eskpe/2025/6/6/copas-texturas-arte-vino-musica-en-una-noche-para-los-sentidos-157073.html;Académico;Anual;CONGRESOS Y CONVENCIONES;Mendoza;manual;Bartolomé Wines, ubicado en Arizu 174, Godoy Cruz;Desconocido
Sans etiquette vol. 1;Evento Cultural;Local;Diseño de indumentaria y moda;2025-06-08;2025-06-21;2025-06-21;2025.0;junio;21;21;sábado 21 de junio;VERDADERO;;https://www.mendovoz.com/eskpe/2025/6/8/moda-sin-etiquetas-llega-sans-etiquette-vol-1-espacio-arizu-157145.html;Académico;Anual;CONGRESOS Y CONVENCIONES;Mendoza;manual;Espacio Arizu;GODOY CRUZ
Jornadas interdisciplinarias de estudios sobre las mujeres;Otro tipo de evento;NS/NC;Ns/Nc;;2025-05-13;2025-05-16;2025.0;mayo;13;16;Desde el dia 13 de mayo al dia 16 de mayo;VERDADERO;;https://ffyl.uncuyo.edu.ar/upload/2c465bf8ec95b62a5e6cf9a5bd49fe18.pdf;Académico;Anual;CONGRESOS Y CONVENCIONES;Mendoza;manual;Facultad de Filosofía y Letras - UNCUYO;Desconocido
Jornada Internacional de la Francofonía 2025: Je m'éduque, donc j'agis;Jornada;Nacional;Lingüística;2025-03-26;2025-03-22;2025-03-22;2025.0;marzo;22;22;El sábado 22 de marzo de 2025;VERDADERO;;https://ffyl.uncuyo.edu.ar/el-sabado-22-de-marzo-de-2025-se-celebro-en-mendoza-la-jornada-internacional-de-la-francofonia-2025-je-meduque-donc-jagis-en-el-museo-nacional-del-vino-y-la-vendimia-en-maipu;Académico;Anual;CONGRESOS Y CONVENCIONES;Mendoza;manual;Museo Nacional del Vino y la Vendimia, en Maipú;Desconocido
II Coloquio Nacional Literatura Argentina del Siglo XIX: Homenaje a Juana Paula Manso;Congreso;Nacional;Literatura;2024-10-26;2025-04-21;2025-04-25;2025.0;abril;21;25;desde el lunes 21 al viernes 25 de abril de 2025;VERDADERO;;https://ffyl.uncuyo.edu.ar/cursos/item/ii-coloquio-nacional-literatura-argentina-del-siglo-xix-homenaje-a-juana-paula-manso;Académico;Anual;CONGRESOS Y CONVENCIONES;Mendoza;manual;Facultad de Filosofía y Letras, Universidad Nacional de Cuyo;Desconocido
Workshopos de Investigadores en Ciencias de la Computación;Workshop;NS/NC;Tecnología;2024-11-29;2025-04-10;2025-04-11;2025.0;abril;10;11;10 y 11 de abril de 2025;VERDADERO;(Se corrigió la fecha);https://ingenieria.uncuyo.edu.ar/wicc2025/upload/65e71343fb52d0fd763cb3edd700a70c.pdf;Académico;Anual;CONGRESOS Y CONVENCIONES;Mendoza;manual;NS/NC;Desconocido
Jornada por la Semana Argentina de la Salud y Seguridad en el Trabajo en el Valle de Uco;Jornada;Provincial;Seguridad;2025-05-06;2025-04-29;2025-04-29;2025.0;abril;29;29;martes 29 de abril de 2025;VERDADERO;;https://www.copigmza.org.ar/copig-participo-en-jornada-por-la-semana-argentina-de-la-salud-y-seguridad-en-el-trabajo-en-el-valle-de-uco/;Académico;Anual;CONGRESOS Y CONVENCIONES;Mendoza;manual;IESVU 9-015 Valle de Uco, en su sede central ubicada en La Consulta, San Carlos, Mendoza;Desconocido
XIII EnIDI;Encuentro;Nacional - Regional (Cuyo);Ciencias naturales y exactas;2025-06-11;2025-10-15;2025-10-17;2025.0;octubre;15;17;del 15 al 17 de octubre;VERDADERO;;https://ingenieria.uncuyo.edu.ar/ya-se-pueden-presentar-trabajos-para-el-xiii-enidi;Académico;Anual;CONGRESOS Y CONVENCIONES;Mendoza;manual;Los Reyunos, San Rafael;Desconocido
Más allá de la colmena;Jornada;Nacional - Regional (Cuyo);Agricultura y ganadería;2025-05-22;2025-06-30;;2025.0;junio;30;31;El viernes 30, las exposiciones girarán  en torno a experiencias locales y avances científicos. El sábado 31 se realizarán talleres prácticos.;VERDADERO;;https://diariosanrafael.com.ar/la-apicultura-local-pisa-fuerte-y-va-mas-alla-de-la-colmena-con-hidromiel-golosinas-y-mas/;Académico;Anual;CONGRESOS Y CONVENCIONES;Mendoza;manual;Facultad de Ciencias Aplicadas a la Industria (UNCuyo);Desconocido
Fiesta Nacional de la Ganadería de Zonas Áridas;Feria;Nacional - Regional (Cuyo);Agricultura y ganadería;2025-05-09;2025-05-07;2025-05-11;2025.0;mayo;7;11;Del 7 al 11 de mayo;VERDADERO;;https://diariosanrafael.com.ar/grupo-lorenzo-es-la-sensacion-en-la-fiesta-nacional-de-la-ganaderia-con-sus-tests-drives-el-sorteo-de-una-ranger-0km-y-muchisimas-sorpresas/;Académico;Anual;CONGRESOS Y CONVENCIONES;Mendoza;manual;General Alvear;CIUDAD DE GENERAL ALVEAR
Agenda Cultural y Turística;Otro tipo de evento;Local;Cultura;2024-06-12;2025-05-23;2025-07-04;2025.0;julio;23;4;Del 23 de mayo al 4 de julio;VERDADERO;;https://www.guaymallen.gob.ar/category/agenda-cultural/;Académico;Anual;CONGRESOS Y CONVENCIONES;Mendoza;manual;Guaymallén;GUAYMALLEN
Gala Patriótica junto a Peteco Carabajal;Evento Cultural;Local;Cultura;2024-06-14;;;2024.0;junio;20;;este viernes;VERDADERO;Corregido;https://www.guaymallen.gob.ar/category/prensa/cultura/;Académico;Anual;CONGRESOS Y CONVENCIONES;Mendoza;manual;Espacio Cultural Julio Le Parc;GUAYMALLEN
Jornada Internacional de la Francofonía 2025: Je m'éduque, donc j'agis;Jornada;Nacional;Lingüística;2025-03-26;2025-03-22;2025-03-22;2025.0;marzo;22;22;El sábado 22 de marzo de 2025;VERDADERO;;https://ffyl.uncuyo.edu.ar/el-sabado-22-de-marzo-de-2025-se-celebro-en-mendoza-la-jornada-internacional-de-la-francofonia-2025-je-meduque-donc-jagis-en-el-museo-nacional-del-vino-y-la-vendimia-en-maipu;Académico;Anual;CONGRESOS Y CONVENCIONES;Mendoza;manual;Museo Nacional del Vino y la Vendimia, en Maipú;Desconocido
Jornada por la Semana Argentina de la Salud y Seguridad en el Trabajo en el Valle de Uco;Jornada;Provincial;Seguridad;2025-05-06;2025-04-29;2025-04-29;2025.0;abril;29;29;martes 29 de abril de 2025;VERDADERO;;https://www.copigmza.org.ar/copig-participo-en-jornada-por-la-semana-argentina-de-la-salud-y-seguridad-en-el-trabajo-en-el-valle-de-uco/;Académico;Anual;CONGRESOS Y CONVENCIONES;Mendoza;manual;IESVU 9-015 Valle de Uco, en su sede central ubicada en La Consulta, San Carlos, Mendoza;Desconocido
Dobro Vino i Sretan Uskrs;Exposición;Local;Arte y diseño;2025-04-14;2025-04-15;2025-04-19;2025.0;abril;15;19;Desde el 15 de abril y finalizará el día 19;VERDADERO;;https://www.godoycruz.gob.ar/la-comunidad-croata-celebra-pascuas-vendimia/;Académico;Anual;CONGRESOS Y CONVENCIONES;Mendoza;manual;Planta Uno de Godoy Cruz;Desconocido
Jornada de intercambio técnico sobre la chinche del arce;Jornada;Provincial;Ecología y medio ambiente;2025-03-26;;;2025.0;;;;26 DE MARZO, 2025;VERDADERO;;https://www.mendoza.gov.ar/prensa/jornada-de-intercambio-tecnico-sobre-la-chinche-del-arce/;Académico;Anual;CONGRESOS Y CONVENCIONES;Mendoza;manual;sede central del Iscamen, órgano dependiente del Ministerio de Producción de Mendoza;Desconocido
Jornada Internacional de la Francofonía 2025: Je m'éduque, donc j'agis;Jornada;Nacional;Cultura;2025-03-26;2025-03-22;2025-03-22;2025.0;marzo;22;22;El sábado 22 de marzo de 2025;VERDADERO;;https://ffyl.uncuyo.edu.ar/el-sabado-22-de-marzo-de-2025-se-celebro-en-mendoza-la-jornada-internacional-de-la-francofonia-2025-je-meduque-donc-jagis-en-el-museo-nacional-del-vino-y-la-vendimia-en-maipu;Académico;Anual;CONGRESOS Y CONVENCIONES;Mendoza;manual;Museo Nacional del Vino y la Vendimia, en Maipú;Desconocido
Día de la Numismática Argentina;Exposición;Provincial;Cultura;2025-06-19;2025-04-13;2025-04-13;2025.0;abril;13;13;abril 13;VERDADERO;;https://www.godoycruz.gob.ar/evento/dia-la-numismatica-argentina/;Académico;Anual;CONGRESOS Y CONVENCIONES;Mendoza;manual;Museo Ferroviario (Parque Benegas, Av. San Martín Sur 2535);Desconocido
El Centro Cultural Coreano llega a Mendoza para sumergirse en la cultura asiática;Evento Cultural;Nacional - Regional (Cuyo);Cultura;2025-05-15;2025-05-24;2025-05-31;2025.0;mayo;24;31;Del 24 al 31 de mayo;VERDADERO;;https://www.godoycruz.gob.ar/centro-cultural-coreano-llega-mendoza-sumergirse-la-cultura-asiatica/;Académico;Anual;CONGRESOS Y CONVENCIONES;Mendoza;manual;En primer lugar, el evento se llevará a cabo en el Centro Patrimonial y Artístico Cristoforo Colombo (Tomba 246) y la B+M (Tomba 56).;Desconocido
TODO LO QUE PUEDE UN CUERPO;Exposición;Local;Arte y diseño;2025-05-13;2025-05-16;2025-05-16;2025.0;mayo;16;16;viernes 16 de mayo;VERDADERO;;https://mendoza.puntoapunto.com.ar/barbara-negroni-fotografa-rosarina-inaugura-todo-lo-que-puede-un-cuerpo-en-el-hualta-winery-hotel/;Académico;Anual;CONGRESOS Y CONVENCIONES;Mendoza;manual;Hualta Winery Hotel, ubicado en Primitivo de la Reta 1015, Mendoza;Desconocido
"""El centro es rojo"": la materia que late en las manos de Vivian Magis";Exposición;Local;Arte y diseño;2025-05-26;2025-06-01;2025-06-29;2025.0;junio;1;29;hasta el 29 de junio;VERDADERO;;https://fad.uncuyo.edu.ar/el-centro-es-rojo-la-materia-que-late-en-las-manos-de-vivian-magis;Académico;Anual;CONGRESOS Y CONVENCIONES;Mendoza;manual;Museo Carlos Alonso – Mansión Stoppel;Desconocido
Atando Caos;Exposición;Único;Arte y diseño;2025-05-29;2025-06-05;2025-06-29;2025.0;junio;5;29;del jueves 5 al sábado 29 de junio;VERDADERO;;https://nave.uncuyo.edu.ar/novedad/atando-caos-la-nueva-muestra-en-el-espacio-de-arte-luis-quesada;Académico;Anual;CONGRESOS Y CONVENCIONES;Mendoza;manual;Espacio de Arte Luis Quesada de la Nave UNCUYO (Maza 250, Ciudad de Mendoza);Desconocido
Atando Caos;Exposición;Local;Arte y diseño;2025-06-05;2025-06-05;2025-06-29;2025.0;junio;5;29;del jueves 5 al sábado 29 de junio;VERDADERO;;https://nave.uncuyo.edu.ar/evento/item/atando-caos-la-nueva-muestra-en-el-espacio-de-arte-luis-quesada;Académico;Anual;CONGRESOS Y CONVENCIONES;Mendoza;manual;Espacio de Arte Luis Quesada de la Nave UNCUYO (Maza 250, Ciudad de Mendoza);Desconocido
Con distintas actividades, Mendoza conmemora un nuevo aniversario del 25 de Mayo;Evento Cultural;Provincial;Cultura;2025-05-22;2025-05-25;2025-05-25;2025.0;Mayo;25;25;25 de Mayo;VERDADERO;;https://www.mendoza.gov.ar/prensa/con-distintas-actividades-mendoza-conmemora-un-nuevo-aniversario-del-25-de-mayo/;Académico;Anual;CONGRESOS Y CONVENCIONES;Mendoza;manual;Mendoza;MENDOZA
Bodegas Caro te invita a una exposición vendimial;Exposición;Local;Cultura;2025-03-11;2025-03-13;2025-03-13;2025.0;marzo;13;13;El jueves 13 de marzo a las 20H será la inauguración;VERDADERO;Repetido;https://www.godoycruz.gob.ar/bodegas-caro-te-invita-una-exposicion-vendimial/;Académico;Anual;CONGRESOS Y CONVENCIONES;Mendoza;manual;Bodega ubicada en Presidente Alvear 151 (Godoy Cruz);Desconocido
Clasicos 2025;Otro tipo de evento;NS/NC;Ns/Nc;2023-10-27;;;2025.0;;;;;VERDADERO;Varios eventos;https://www.eventbrite.com.ar/d/argentina--mendoza/clasicos-2025/;Académico;Anual;CONGRESOS Y CONVENCIONES;Mendoza;manual;Ciudad de Mendoza;Desconocido
Interwine China 2025;Feria;Nacional;Alimentos;2025-05-22;2025-05-20;2025-05-22;2025.0;mayo;20;22;del 20 al 22 de mayo;VERDADERO;;https://www.mendoza.gov.ar/prensa/balance-positivo-para-las-bodegas-mendocinas-tras-su-participacion-en-interwine-china-2025/;Académico;Anual;CONGRESOS Y CONVENCIONES;Mendoza;manual;Canton Fair Complex de Guangzhou;Desconocido
Paseo de las Burbujas y Sabores del Mundo;Evento Cultural;Local;Cultura;2025-02-12;2025-02-21;2025-02-23;2025.0;febrero;21;23;el viernes 21, sábado 22 y domingo 23 de febrero;VERDADERO;;https://www.guaymallen.gob.ar/llega-una-nueva-edicion-del-paseo-de-las-burbujas-y-sabores-del-mundo-a-guaymallen/;Académico;Anual;CONGRESOS Y CONVENCIONES;Mendoza;manual;Boulevard Dorrego;Desconocido
Se inauguró la muestra por el 167º Aniversario de Guaymallén en el Espacio Le Parc;Exposición;Local;Arte y diseño;2025-05-06;2025-05-06;2025-05-22;2025.0;mayo;6;22;hasta el 22 de mayo de 2025;VERDADERO;;https://www.guaymallen.gob.ar/se-inauguro-la-muestra-por-el-167o-aniversario-de-guaymallen-en-el-espacio-le-parc/;Académico;Anual;CONGRESOS Y CONVENCIONES;Mendoza;manual;Espacio Cultural Julio Le Parc. Mitre y Godoy de San José;GUAYMALLEN
Jornada Internacional de la Francofonía 2025: Je m'éduque, donc j'agis;Jornada;Nacional;Lingüística;2025-03-26;2025-03-22;2025-03-22;2025.0;marzo;22;22;El sábado 22 de marzo de 2025;VERDADERO;;https://ffyl.uncuyo.edu.ar/el-sabado-22-de-marzo-de-2025-se-celebro-en-mendoza-la-jornada-internacional-de-la-francofonia-2025-je-meduque-donc-jagis-en-el-museo-nacional-del-vino-y-la-vendimia-en-maipu;Académico;Anual;CONGRESOS Y CONVENCIONES;Mendoza;manual;Museo Nacional del Vino y la Vendimia, en Maipú;Desconocido
"""El centro es rojo"": la materia que late en las manos de Vivian Magis";Exposición;Local;Arte y diseño;2025-05-26;2025-06-01;2025-06-29;2025.0;junio;;29;hasta el 29 de junio;VERDADERO;;https://fad.uncuyo.edu.ar/el-centro-es-rojo-la-materia-que-late-en-las-manos-de-vivian-magis;Académico;Anual;CONGRESOS Y CONVENCIONES;Mendoza;manual;Museo Carlos Alonso – Mansión Stoppel;Desconocido
Intensa actividad en los espacios culturales de Mendoza;Evento Cultural;Provincial;Cultura;2025-05-05;2025-05-01;2025-05-04;2025.0;mayo;1;4;Del 1 al 4 de mayo;VERDADERO;;https://www.mendoza.gov.ar/prensa/intensa-actividad-en-los-espacios-culturales-de-mendoza-2/;Académico;Anual;CONGRESOS Y CONVENCIONES;Mendoza;manual;Mendoza;MENDOZA
Estos son los recomendados culturales para los próximos días;Evento Cultural;Provincial;Cultura;2025-05-29;2025-05-29;2025-06-01;2025.0;mayo;29;1;Jueves 29 de mayo - Domingo 1 de junio;VERDADERO;;https://www.mendoza.gov.ar/prensa/estos-son-los-recomendados-culturales-para-los-proximos-dias/;Académico;Anual;CONGRESOS Y CONVENCIONES;Mendoza;manual;"Biblioteca Pública General San Martín, Remedios Escalada de San Martín 1843 de la Ciudad de Mendoza; Espacio Cultural Julio Le Parc | Sala Tito Francia (Mitre y Godoy Cruz, Guaymallén); Biblioteca Pública General San Martín, Remedios Escalada de San Martín 1843, Ciudad de Mendoza; ECA Sur Enrique Sobisch (km 0, San Rafael); Biblioteca Pública General San Martín, Remedios Escalada de San Martín 1843, Ciudad de Mendoza; Espacio Cultural Julio Le Parc | Sala Tito Francia (Mitre y Godoy Cruz, Guaymallén); Espacio Cultural Julio Le Parc | Sala Armando Tejada Gómez (Mitre y Godoy Cruz, Guaymallén); Teatro Independencia, Chile y Espejo, Ciudad de Mendoza; Espacio Cultural Julio Le Parc, Mitre y Godoy Cruz, Guaymallén; Espacio Cultural Julio Le Parc | Sala Ernesto Suárez, Mitre y Godoy Cruz, Guaymallén; Teatro Independencia, Chile y Espejo, Ciudad de Mendoza";MENDOZA
Encuentro Trasandino de Grabado y Arte Impreso;Encuentro;Nacional;Arte y diseño;2025-03-10;2025-03-13;2025-03-15;2025.0;marzo;13;15;13, 14 y 15 de marzo;VERDADERO;;https://www.godoycruz.gob.ar/llega-godoy-cruz-encuentro-trasandino-grabado-arte-impreso/;Académico;Anual;CONGRESOS Y CONVENCIONES;Mendoza;manual;Centro Patrimonial y artístico Cristoforo Colombo (A. Tomba 246), Casa de la Cultura y la Memoria (Lavalle 88);GODOY CRUZ
Comicruz;Exposición;Nacional;Arte y diseño;2025-06-19;2025-05-18;2025-05-18;2025.0;mayo;18;18;mayo 18;VERDADERO;;https://www.godoycruz.gob.ar/evento/comicruz1/;Académico;Anual;CONGRESOS Y CONVENCIONES;Mendoza;manual;Centro Patrimonial y Artístico Cristoforo Colombo (Tomba 246);Desconocido
El Centro Cultural Coreano llega a Mendoza para sumergirse en la cultura asiática;Evento Cultural;Nacional - Regional (Cuyo);Cultura;2025-05-15;2025-05-24;2025-05-31;2025.0;mayo;24;31;Del 24 al 31 de mayo;VERDADERO;;https://www.godoycruz.gob.ar/centro-cultural-coreano-llega-mendoza-sumergirse-la-cultura-asiatica/;Académico;Anual;CONGRESOS Y CONVENCIONES;Mendoza;manual;En primer lugar, el evento se llevará a cabo en el Centro Patrimonial y Artístico Cristoforo Colombo (Tomba 246) y la B+M (Tomba 56).;Desconocido
Con distintas actividades, Mendoza conmemora un nuevo aniversario del 25 de Mayo;Evento Cultural;Provincial;Cultura;2025-05-22;2025-05-25;2025-05-25;2025.0;Mayo;25;25;25 de Mayo;VERDADERO;;https://www.mendoza.gov.ar/prensa/con-distintas-actividades-mendoza-conmemora-un-nuevo-aniversario-del-25-de-mayo/;Académico;Anual;CONGRESOS Y CONVENCIONES;Mendoza;manual;Guaymallén, Las Vegas, Lavalle, Ciudad de Mendoza, Luján de Cuyo, Godoy Cruz, Las Heras, San Rafael, San Martín, San Carlos, Tupungato, Rivadavia, General Alvear, Santa Rosa;MENDOZA
Mendocann;Exposición;Nacional;Agricultura y ganadería;2025-04-07;2025-04-11;2025-04-12;2025.0;abril;11;12;11 y 12 de abril;VERDADERO;;https://www.copigmza.org.ar/mendocann-ingenieros-as-agronomos-as-tendran-entrada-libre-y-gratuita-inscribite/;Académico;Anual;CONGRESOS Y CONVENCIONES;Mendoza;manual;Espacio Arizu Belgrano 1322, Godoy Cruz;Desconocido
Bodegas Caro te invita a una exposición vendimial;Exposición;Local;Cultura;2025-03-11;2025-03-13;2025-03-13;2025.0;marzo;13;13;El jueves 13 de marzo a las 20H será la inauguración;VERDADERO;;https://www.godoycruz.gob.ar/bodegas-caro-te-invita-una-exposicion-vendimial/;Académico;Anual;CONGRESOS Y CONVENCIONES;Mendoza;manual;Bodega ubicada en Presidente Alvear 151 (Godoy Cruz);Desconocido
Comicruz: Homenaje a la Historieta Argentina;Exposición;Nacional - Regional (Cuyo);Arte y diseño;2025-05-12;2025-05-18;2025-05-18;2025.0;mayo;18;18;domingo 18 de mayo, a las 16 horas;VERDADERO;;https://www.godoycruz.gob.ar/se-viene-comicruz-homenaje-la-historieta-argentina-3/;Académico;Anual;CONGRESOS Y CONVENCIONES;Mendoza;manual;Centro Cristoforo Colombo (A. Tomba 246);Desconocido
VII Asamblea de la Red Argentina de Municipios contra el Cambio Climático;Asamblea;Nacional;Ecología y medio ambiente;2025-04-02;2025-04-04;2025-04-05;2025.0;abril;4;5;los días 4 y 5 de abril;VERDADERO;;https://www.godoycruz.gob.ar/estos-seran-los-ejes-la-asamblea-la-ramcc-se-realizara-godoy-cruz/;Académico;Anual;CONGRESOS Y CONVENCIONES;Mendoza;manual;Espacio Arizu;GODOY CRUZ
Fiesta del Puestero Sureño y de la expo caprino – ovina;Exposición;Nacional - Regional (Cuyo);Agricultura y ganadería;2025-05-14;2025-05-16;2025-05-18;2025.0;mayo;16;18;El próximo fin de semana tendrá lugar en El Sosneado la 29ª edición...El viernes 16 de mayo comenzará...El sábado...El domingo...;VERDADERO;;https://diariosanrafael.com.ar/nueva-edicion-de-la-fiesta-del-puestero-sureno-y-de-la-expo-caprino-ovina/;Académico;Anual;CONGRESOS Y CONVENCIONES;Mendoza;manual;El Sosneado;Desconocido
Chaves Municipio conmemoró el Día del Veterano y de los Caídos en la Guerra de Malvinas;Evento Cultural;Local;Cultura;2025-04-03;2025-04-03;2025-04-15;2025.0;abril;3;15;3 de abril de 2025, hasta el 15 de abril;VERDADERO;;https://viapais.com.ar/tres-arroyos/chaves-municipio-conmemoro-el-dia-del-veterano-y-de-los-caidos-en-la-guerra-de-malvinas/;Académico;Anual;CONGRESOS Y CONVENCIONES;Mendoza;manual;Plazoleta Islas Malvinas;Desconocido
Se viene Star Wars Day: Todo lo que tenés que saber;Exposición;Local;Entretenimiento, parques y atracciones;2025-04-25;2025-05-04;2025-05-04;2025.0;mayo;4;4;4 de mayo, desde las 12H;VERDADERO;;https://www.godoycruz.gob.ar/se-viene-star-wars-day-lo-tenes-saber2/;Académico;Anual;CONGRESOS Y CONVENCIONES;Mendoza;manual;Espacio Verde Luis Menotti Pescarmona de Godoy Cruz;MENDOZA
RPG Godoy Cruz: El universo del Rol y la literatura se encuentran;Evento Cultural;Local;Literatura;2025-04-08;2025-04-12;2025-04-13;2025.0;abril;12;13;del 12 al 13 de abril;VERDADERO;;https://www.godoycruz.gob.ar/rpg-godoy-cruz-universo-del-rol-la-literatura-se-encuentran/;Académico;Anual;CONGRESOS Y CONVENCIONES;Mendoza;manual;la B + M Manuel Belgrano (Tomba 54) y la Casa de la Cultura y la Memoria (Colón 126);MENDOZA
Muestra Colectiva;Exposición;Local;Arte y diseño;2025-02-13;2025-02-20;2025-02-20;2025.0;febrero;20;20;jueves 20 de febrero a las 21H;VERDADERO;;https://www.godoycruz.gob.ar/se-inaugura-la-15o-edicion-la-muestra-colectiva2/;Académico;Anual;CONGRESOS Y CONVENCIONES;Mendoza;manual;sala Cristoforo Colombo de Godoy Cruz;Desconocido
Se celebró el día mundial del reciclaje con actividades para promover la conciencia ambiental;Otro tipo de evento;Local;Ecología y medio ambiente;2025-05-16;;;2025.0;este viernes;;;este viernes, desde las 9 hasta las 14;VERDADERO;;https://www.godoycruz.gob.ar/se-celebro-dia-mundial-del-reciclaje-actividades-promover-la-conciencia-ambiental/;Académico;Anual;CONGRESOS Y CONVENCIONES;Mendoza;manual;Plaza departamental;Desconocido
Dionisias Wine Fair;Feria;Nacional - Regional (Cuyo);Turismo y hotelería;2025-06-19;2025-02-28;2025-03-01;2025.0;febrero;28;1;28 de febrero y 1 de marzo;VERDADERO;;https://ecocuyo.com/nota/148262/las-mujeres-del-vino-con-record-de-bodegas-regresa-dionisias-wine-fair/;Académico;Anual;CONGRESOS Y CONVENCIONES;Mendoza;manual;Museo Emiliano Guiñazú – Casa Fader;Desconocido
Atando Caos;Exposición;Local;Arte y diseño;2025-05-29;2025-06-05;2025-06-29;2025.0;junio;5;29;del jueves 5 al sábado 29 de junio;VERDADERO;;https://nave.uncuyo.edu.ar/novedad/atando-caos-la-nueva-muestra-en-el-espacio-de-arte-luis-quesada;Académico;Anual;CONGRESOS Y CONVENCIONES;Mendoza;manual;Espacio de Arte Luis Quesada de la Nave UNCUYO (Maza 250, Ciudad de Mendoza);Desconocido
Concierto de familia: propuesta musical de película con clásicos y pixeles;Evento Cultural;Único;Cultura;2025-05-12;2025-05-16;2025-05-16;2025.0;mayo;16;16;16 de mayo;VERDADERO;;https://nave.uncuyo.edu.ar/novedad/concierto-de-familia-propuesta-musical-de-pelicula-con-clasicos-y-pixeles;Académico;Anual;CONGRESOS Y CONVENCIONES;Mendoza;manual;Sala Roja de la Nave UNCUYO;Desconocido
Atando Caos;Exposición;Local;Arte y diseño;2025-06-05;2025-06-05;2025-06-29;2025.0;junio;5;29;del jueves 5 al sábado 29 de junio;VERDADERO;;https://nave.uncuyo.edu.ar/evento/item/atando-caos-la-nueva-muestra-en-el-espacio-de-arte-luis-quesada;Académico;Anual;CONGRESOS Y CONVENCIONES;Mendoza;manual;Espacio de Arte Luis Quesada de la Nave UNCUYO (Maza 250, Ciudad de Mendoza);Desconocido
Malargüe celebra la Semana de la Miel 2025;Otro tipo de evento;Local;Agricultura y ganadería;2025-07-19;2025-05-20;2025-05-24;2025.0;mayo;20;24;Del 20 al 24 de mayo;VERDADERO;;https://www.malargue.gov.ar/malargue-celebra-la-semana-de-la-miel-2025/;Académico;Anual;CONGRESOS Y CONVENCIONES;Mendoza;manual;Malargüe;MALARGUE
Taller de Fotografía: explorar desde el lenguaje fotográfico;Workshop;Único;Arte y diseño;2025-03-25;2025-04-07;2025-06-02;2025.0;abril;7;;Comienza el lunes 7 de abril y se cursará los días lunes de 18:00 a 20:00 h. Tiene una duración de dos meses (8 clases);VERDADERO;;https://www.uncuyo.edu.ar/extension/taller-de-fotografia-explorar-desde-el-lenguaje-fotografico;Académico;Anual;CONGRESOS Y CONVENCIONES;Mendoza;manual;Sala 3 de la Nave UNCUYO;Desconocido
Jornada Ganadera Cuenca del Salado 2025;Jornada;Nacional - Regional (Centro);Agricultura y ganadería;2025-04-25;;;2025.0;abril;;;2025-04-25;VERDADERO;;https://repositorio.inta.gob.ar/handle/20.500.12123/212?locale-attribute=en;Académico;Anual;CONGRESOS Y CONVENCIONES;Mendoza;manual;Cuenca del Salado;Desconocido
Concierto para la familia;Evento Cultural;Local;Cultura;2025-05-13;2025-05-16;2025-05-16;2025.0;viernes 16;16;16;viernes 16;VERDADERO;;https://www.elsol.com.ar/cultura/la-orquesta-sinfonica-uncuyo-ofrecera-el-ciclo-concierto-para-la-familia/;Académico;Anual;CONGRESOS Y CONVENCIONES;Mendoza;manual;Nave UNCuyo, Maza 250, Ciudad;Desconocido
Malvinas, retratos de un sentimiento;Exposición;Provincial;Cultura;2025-05-27;2025-06-10;2025-06-13;2025.0;junio;10;13;Del 10 al 13 de junio;VERDADERO;;https://www.ucongreso.edu.ar/san-juan-la-universidad-de-congreso-homenajea-a-malvinas-con-una-muestra-fotografica-y-un-libro-conmemorativo/;Académico;Anual;CONGRESOS Y CONVENCIONES;Mendoza;manual;Centro Cultural Conte Grand;Desconocido
4° Seminario Internacional de Cerezas Frescas Tempranas 2025;Seminario;Nacional;Agricultura y ganadería;2025-03-29;2025-04-03;2025-04-04;2025.0;abril;3;4;el jueves 3 de abril desde las 8 en la Nave Cultural de Ciudad e incluirá actividades de campo el 4 de abril;VERDADERO;;https://www.mendoza.gov.ar/prensa/mendoza-sera-sede-de-la-cuarta-edicion-del-seminario-internacional-de-cerezas-frescas-tempranas-2025/;Académico;Anual;CONGRESOS Y CONVENCIONES;Mendoza;manual;Nave Cultural de Ciudad;Desconocido
Seminario sobre sistemas adversariales y juicio por jurados – Un enfoque comparado;Seminario;Nacional - Regional (Cuyo);Derecho;2025-05-27;2025-06-05;2025-06-06;2025.0;junio;5;6;los días jueves 5 y viernes 6 de junio;VERDADERO;;https://www.ucongreso.edu.ar/seminario-sobre-sistemas-adversariales-y-juicio-por-jurados-un-enfoque-comparado/;Académico;Anual;CONGRESOS Y CONVENCIONES;Mendoza;manual;Polo Judicial Penal (Mendoza);Desconocido
Reunión informativa | Jornada preparatoria de Investigación Jurídica;Jornada;Nacional;Derecho;2025-04-03;;;2025.0;;;;03 de abril de 2025;VERDADERO;;https://derecho.uncuyo.edu.ar/reunion-informativa-;Académico;Anual;CONGRESOS Y CONVENCIONES;Mendoza;manual;de forma virtual;Desconocido
Seminario sobre sistemas adversariales y juicio por jurados – Un enfoque comparado;Seminario;Nacional - Regional (Cuyo);Derecho;2025-05-27;2025-06-05;2025-06-06;2025.0;junio;5;6;Jueves 5 y viernes 6 de junio;VERDADERO;;https://www.ucongreso.edu.ar/seminario-sobre-sistemas-adversariales-y-juicio-por-jurados-un-enfoque-comparado/;Académico;Anual;CONGRESOS Y CONVENCIONES;Mendoza;manual;Polo Judicial Penal (Mendoza);Desconocido
IV Jornadas de Aracnología Mendoza 2025: Un encuentro para profundizar en el estudio de los arácnidos;Jornada;Nacional - Regional (Cuyo);Ciencias naturales y exactas;2025-05-22;2025-10-29;2025-10-31;2025.0;octubre;29;31;del 29 al 31 de octubre de 2025;VERDADERO;;https://fcen.uncuyo.edu.ar/iv-jornadas-de-aracnologia-mendoza-2025-un-encuentro-para-profundizar-en-el-estudio-de-los-aracnidos;Académico;Anual;CONGRESOS Y CONVENCIONES;Mendoza;manual;sede ubicada en Padre Jorge Contreras 1300, Parque General San Martín, Mendoza;Desconocido
Historia Social de la Música Latinoamericana;Seminario;Único;Arte y diseño;2025-04-01;2025-04-09;2025-04-25;2025.0;abril;9;25;Miércoles 9 y viernes 11 de abril – de 15:00 a 20:00 Jueves 10 de abril – de 10:00 a 15:00 Miércoles 23 y viernes 25 de abril – de 15:00 a 20:00 Jueves 24 de abril – de 10:00 a 15:00;VERDADERO;;https://fad.uncuyo.edu.ar/inscripciones-abiertas-al-curso-de-posgrado-historia-social-de-la-musica-latinoamericana;Académico;Anual;CONGRESOS Y CONVENCIONES;Mendoza;manual;Modalidad: Virtual;Desconocido
20° Encuentro Internacional de Teatro por la Memoria 2025: “A defender la casa”;Encuentro;Nacional;Cultura;2025-03-11;2025-03-13;2025-03-30;2025.0;marzo;13;30;del jueves 13 al sábado 30 de marzo;VERDADERO;;https://www.mendoza.gov.ar/prensa/llega-el-20-encuentro-internacional-de-teatro-por-la-memoria-2025-a-defender-la-casa/;Académico;Anual;CONGRESOS Y CONVENCIONES;Mendoza;manual;distintos espacios artísticos.  cine teatro Plaza (Colón 27, Godoy Cruz), Casa de la Cultura y la Memoria (Lavalle 88, Godoy Cruz), Biblioteca + Mediateca Manuel Belgrano (Antonio Tomba 54, Godoy Cruz), Espacio Cultural Julio Le Parc (Mitre y Godoy Cruz, Guaymallén);MENDOZA
Seminario sobre sistemas adversariales y juicio por jurados – Un enfoque comparado;Seminario;Nacional - Regional (Cuyo);Derecho;2025-05-27;2025-06-05;2025-06-06;2025.0;junio;5;6;los días jueves 5 y viernes 6 de junio;VERDADERO;;https://www.ucongreso.edu.ar/seminario-sobre-sistemas-adversariales-y-juicio-por-jurados-un-enfoque-comparado/;Académico;Anual;CONGRESOS Y CONVENCIONES;Mendoza;manual;Polo Judicial Penal (Mendoza);Desconocido
Seminarios de Inglés;Seminario;Nacional;Educación;2025-04-16;2025-04-16;2025-04-29;2025.0;abril;16;29;"16 abril, 2025; última semana de abril 2025";VERDADERO;;https://www.ucongreso.edu.ar/abogacia-seminarios-de-ingles/;Académico;Anual;CONGRESOS Y CONVENCIONES;Mendoza;manual;en todas sus Sedes;Desconocido
Mendoza: Seminarios de Abogacía;Seminario;Local;Derecho;2025-03-17;2025-03-18;2025-04-11;2025.0;marzo;18;11;"17 marzo, 2025; Inicia el martes 18 de marzo 2025; Inicia el miércoles 19 de marzo 2025; Inicia el martes 1 de abril 2025; Hasta el 11 de abril 2025";VERDADERO;;https://www.ucongreso.edu.ar/mendoza-seminarios-de-abogacia/;Académico;Anual;CONGRESOS Y CONVENCIONES;Mendoza;manual;Sede Mendoza;MENDOZA
Federico Tomba recorre la música de Bach y Piazzolla;Evento Cultural;Local;Cultura;2025-04-03;2025-06-05;2025-06-05;2025.0;junio;5;5;sábado 5, a las 20 h;VERDADERO;;https://www.godoycruz.gob.ar/federico-tomba-recorre-la-musica-bach-piazzolla/;Académico;Anual;CONGRESOS Y CONVENCIONES;Mendoza;manual;Casa de la Cultura y la Memoria, Lavalle 88;Desconocido
Teatro X La Memoria;Evento Cultural;Provincial;Cultura;2025-03-10;2025-03-13;2025-03-30;2025.0;marzo;13;30;de 13 al 30 de marzo;VERDADERO;;https://www.godoycruz.gob.ar/se-avecina-una-nueva-edicion-teatro-x-la-memoria/;Académico;Anual;CONGRESOS Y CONVENCIONES;Mendoza;manual;distintos puntos culturales. Teatro Plaza (Colón 27), la Biblioteca + Mediateca Manuel Belgrano (A. Tomba 54), la Casa de la Cultura y la Memoria (Lavalle 88) y el Espacio Cultural Julio Le Parc (Mitre y Godoy Cruz, Guaymallén).;Desconocido
Seminario sobre sistemas adversariales y juicio por jurados – Un enfoque comparado;Seminario;Nacional - Regional (Cuyo);Derecho;2025-05-27;2025-06-05;2025-06-06;2025.0;junio;5;6;Jueves 5 y viernes 6 de junio;VERDADERO;;https://www.ucongreso.edu.ar/seminario-sobre-sistemas-adversariales-y-juicio-por-jurados-un-enfoque-comparado/;Académico;Anual;CONGRESOS Y CONVENCIONES;Mendoza;manual;Polo Judicial Penal (Mendoza);Desconocido
;Seminario;Único;Ciencias históricas y sociales;2025-05-08;2025-05-08;2025-05-08;2025.0;Mayo;8;8;Mayo / 08 / 2025;VERDADERO;;https://fcp.uncuyo.edu.ar/agenda/fecha/2025/5/08;Académico;Anual;CONGRESOS Y CONVENCIONES;Mendoza;manual;Aulas posgrado FCPyS;Desconocido
Seminario sobre Inteligencia Artificial aplicada a la industria;Seminario;Nacional - Regional (Cuyo);Tecnología;2018-11-01;2025-11-08;2025-11-09;2025.0;noviembre;8;9;Los días 8 y 9 de noviembre;VERDADERO;;https://ingenieria.uncuyo.edu.ar/seminario-sobre-inteligencia-artificial-aplicada-a-la-industria;Académico;Anual;CONGRESOS Y CONVENCIONES;Mendoza;manual;Anfiteatro Este, edificio de Gobierno de la Facultad de Ingeniería de la UNCUYO. / IMPSA;Desconocido
Seminario Proyecto Discipulado con el Dr. Lucas Leys (Bs. As. Zona Norte);Seminario;Local;Religión;2025-05-13;2025-05-13;2025-05-13;2025.0;may;13;13;Mar, 13 may. 2025;VERDADERO;Varios eventos;https://www.eventbrite.com.ar/e/seminario-proyecto-discipulado-con-el-dr-lucas-leys-bs-as-zona-norte-tickets-1336545887729;Académico;Anual;CONGRESOS Y CONVENCIONES;Mendoza;manual;Bs. As. Zona Norte;Desconocido
El Doctorado en Ciencias Sociales abre sus inscripciones para el 2025;Otro tipo de evento;Único;Ciencias históricas y sociales;2024-11-27;2025-02-10;2025-02-17;2025.0;febrero;10;17;Del 10 de febrero al 17 de marzo de 2025;VERDADERO;;https://fcp.uncuyo.edu.ar/el-doctorado-en-ciencias-sociales-abre-sus-inscripciones-para-el-2025;Académico;Anual;CONGRESOS Y CONVENCIONES;Mendoza;manual;Facultad de Ciencias Políticas y Sociales de la UNCuyo;Desconocido
V Seminario Cordillerano teórico práctico sobre herramientas recursivas existentes ante una sentencia adversa;Seminario;Único;Derecho;2025-05-23;2025-05-27;2025-06-24;2025.0;mayo;27;24;Inicia el martes 27 de mayo de forma presencial. Este encuentro se desarrollará los días martes 27 de mayo, 3, 10, 17 y 24 de junio. de 15.30 a 18.30 hs.;VERDADERO;;https://derecho.uncuyo.edu.ar/v-seminario-coordillerano-teorico-practico-sobre-herramientas-recursivas-existentes-ante-una-sentencia-adversa;Académico;Anual;CONGRESOS Y CONVENCIONES;Mendoza;manual;en el aula H, de la Facultad de Derecho;Desconocido
Dibujando arquitectura;Seminario;Provincial;Arquitectura;2025-04-04;2025-04-25;2025-04-25;2025.0;abril;25;25;25 de abril;VERDADERO;;https://camza.org.ar/ian-dutari-va-a-dictar-un-seminario-sobre-dibujos-y-arquitectura/;Académico;Anual;CONGRESOS Y CONVENCIONES;Mendoza;manual;Regional Centro del Colegio de Arquitectos de Mendoza (CAMZA);Desconocido
Seminario sobre sistemas adversariales y juicio por jurados – Un enfoque comparado;Seminario;Nacional - Regional (Cuyo);Derecho;2025-05-27;2025-06-05;2025-06-06;2025.0;junio;5;6;los días jueves 5 y viernes 6 de junio;VERDADERO;;https://www.ucongreso.edu.ar/seminario-sobre-sistemas-adversariales-y-juicio-por-jurados-un-enfoque-comparado/;Académico;Anual;CONGRESOS Y CONVENCIONES;Mendoza;manual;Polo Judicial Penal (Mendoza);Desconocido
Seminarios de Inglés;Seminario;NS/NC;Educación;2025-04-16;2025-04-16;2025-04-29;2025.0;abril;16;29;"16 abril, 2025; 29 abril 2025";VERDADERO;;https://www.ucongreso.edu.ar/abogacia-seminarios-de-ingles/;Académico;Anual;CONGRESOS Y CONVENCIONES;Mendoza;manual;en todas sus Sedes;Desconocido
1° Seminario de Posgrado | “Administración de Consorcio para Profesionales”;Seminario;Único;Derecho;2025-03-21;2025-03-21;2025-06-24;2025.0;marzo;21;24;entre los meses de marzo y junio de 2025;VERDADERO;;https://derecho.uncuyo.edu.ar/1-seminario-de-posgrado-administracion-de-consorcio-para-profesionales;Académico;Anual;CONGRESOS Y CONVENCIONES;Mendoza;manual;UNCUYO Facultad de Derecho;Desconocido
Dibujando arquitectura;Seminario;Provincial;Arquitectura;2025-04-04;2025-04-25;2025-04-25;2025.0;abril;25;25;25 de abril;VERDADERO;;https://camza.org.ar/ian-dutari-va-a-dictar-un-seminario-sobre-dibujos-y-arquitectura/;Académico;Anual;CONGRESOS Y CONVENCIONES;Mendoza;manual;Regional Centro del Colegio de Arquitectos de Mendoza (CAMZA);Desconocido
Seminario sobre sistemas adversariales y juicio por jurados – Un enfoque comparado;Seminario;Nacional - Regional (Cuyo);Derecho;2025-05-27;2025-06-05;2025-06-06;2025.0;junio;5;6;jueves 5 y viernes 6 de junio;VERDADERO;;https://www.ucongreso.edu.ar/seminario-sobre-sistemas-adversariales-y-juicio-por-jurados-un-enfoque-comparado/;Académico;Anual;CONGRESOS Y CONVENCIONES;Mendoza;manual;Polo Judicial Penal (Mendoza);Desconocido
;Exposición;Local;Arquitectura;2025-06-13;2025-06-13;2025-06-13;2025.0;junio;13;13;viernes 13/06;VERDADERO;;https://camza.org.ar/info/noticias-de-interes/regional-centro/;Académico;Anual;CONGRESOS Y CONVENCIONES;Mendoza;manual;Regional Centro del CAMZA;Desconocido
Seminario Abogadas/os de niñas, niños y adolescentes;Seminario;Nacional - Regional (Cuyo);Derecho;2024-04-25;2025-05-08;2025-05-22;2025.0;mayo;8;22;Miércoles 8, 15 y 22 de mayo de 17 a 20 hs.;VERDADERO;;https://derecho.uncuyo.edu.ar/seminario-abogadasos-de-ninas-ninos-y-adolescentes;Académico;Anual;CONGRESOS Y CONVENCIONES;Mendoza;manual;Facultad de Derecho - UNCUYO;Desconocido
I Congreso Iberoamericano de Criminología Aplicada;Congreso;Nacional;Derecho;2025-05-29;2025-07-04;2025-07-05;2025.0;julio;4;5;4 y 5 de julio;VERDADERO;;https://colabogmza.com.ar/category/cursos-capacitaciones/;Académico;Anual;CONGRESOS Y CONVENCIONES;Mendoza;manual;Universidad del Aconcagua;MENDOZA
Conversatorio sobre participación política y acciones positivas;Jornada;Local;Gobierno/Sindical;2025-06-18;2025-06-24;2025-06-24;2025.0;junio;24;24;el martes 24 de junio, de de 14 a 16;VERDADERO;;https://colabogmza.com.ar/author/martina/;Académico;Anual;CONGRESOS Y CONVENCIONES;Mendoza;manual;Facultad de Derecho de la UNCuyo;Desconocido
Seminario intensivo de tango;Seminario;Local;Danza;2025-01-14;2025-01-18;2025-01-18;2025.0;sábado 18;18;18;El sábado 18;VERDADERO;;https://www.mendoza.gov.ar/prensa/se-realizara-el-seminario-intensivo-de-tango-en-el-espacio-cultural-julio-le-parc/;Académico;Anual;CONGRESOS Y CONVENCIONES;Mendoza;manual;la ochava del espacio cultural será el escenario de un seminario intensivo de tango que promete una experiencia única para todos los amantes de este apasionado baile. La ochava del Le Parc, Mitre y Godoy Cruz de Guaymallén, será el lugar donde se desarrollará esta jornada de aprendizaje y danza.;GUAYMALLEN
20° Encuentro Internacional de Teatro por la Memoria 2025: “A defender la casa”;Encuentro;Nacional;Cultura;2025-03-11;2025-03-13;2025-03-30;2025.0;marzo;13;30;del jueves 13 al sábado 30 de marzo;VERDADERO;;https://www.mendoza.gov.ar/prensa/llega-el-20-encuentro-internacional-de-teatro-por-la-memoria-2025-a-defender-la-casa/;Académico;Anual;CONGRESOS Y CONVENCIONES;Mendoza;manual;distintos espacios artísticos. El evento se desarrollará del jueves 13 al sábado 30 de marzo. Durante tres semanas, el festival Teatro por la Memoria 2025 invitará a reflexionar sobre la última dictadura cívico-militar en nuestro país abordando temas como derechos humanos, identidad, historia, género y migración. También dictará seminarios sobre artes escénicas, a cargo de especialistas de Chile y Colombia. El público podrá asistir a distintas salas locales para disfrutar de producciones de importantes elencos y autores de Mendoza, así como de diferentes partes del país y Latinoamérica.;MENDOZA
"XXII Encuentro Internacional Teatro X La Memoria - ""A Defender La Casa""";Encuentro;Nacional;Cultura;2025-06-19;2025-03-25;2025-03-27;2025.0;marzo;25;27;marzo 25, marzo 27;VERDADERO;;https://www.godoycruz.gob.ar/evento/xxii-encuentro-internacional-teatro-x-la-memoria-defender-la-casa-10/;Académico;Anual;CONGRESOS Y CONVENCIONES;Mendoza;manual;Espacio Cultural Julio Le Parc (Mitre y Godoy Cruz, Guaymallén);Desconocido
4° Seminario Internacional de Cerezas Frescas Tempranas 2025;Seminario;Nacional;Agricultura y ganadería;2025-03-29;2025-04-03;2025-04-04;2025.0;abril;3;4;el jueves 3 de abril desde las 8 en la Nave Cultural de Ciudad e incluirá actividades de campo el 4 de abril;VERDADERO;;https://www.mendoza.gov.ar/prensa/mendoza-sera-sede-de-la-cuarta-edicion-del-seminario-internacional-de-cerezas-frescas-tempranas-2025/;Académico;Anual;CONGRESOS Y CONVENCIONES;Mendoza;manual;Nave Cultural de Ciudad;Desconocido
Seminario Internacional de Cerezas Frescas Tempranas 2025;Seminario;Nacional;Agricultura y ganadería;2025-04-03;2025-04-03;2025-04-04;2025.0;abril;3;4;3 DE ABRIL, 2025, Mañana 4 de abril;VERDADERO;;https://www.mendoza.gov.ar/prensa/mendoza-fue-sede-del-seminario-internacional-de-cerezas-frescas-tempranas-2025/;Académico;Anual;CONGRESOS Y CONVENCIONES;Mendoza;manual;Nave Cultural;MENDOZA
Seminario sobre sistemas adversariales y juicio por jurados – Un enfoque comparado;Seminario;Nacional - Regional (Cuyo);Derecho;2025-05-27;2025-06-05;2025-06-06;2025.0;junio;5;6;Jueves 5 y viernes 6 de junio;VERDADERO;;https://www.ucongreso.edu.ar/seminario-sobre-sistemas-adversariales-y-juicio-por-jurados-un-enfoque-comparado/;Académico;Anual;CONGRESOS Y CONVENCIONES;Mendoza;manual;Polo Judicial Penal (Mendoza);Desconocido
XXVI Seminario de cebolla del Mercosur 2025;Seminario;Nacional;Agricultura y ganadería;2025-03-21;2025-03-21;2025-03-22;2025.0;marzo;21;22;Del 21 y 22 de marzo;VERDADERO;;https://intainforma.inta.gob.ar/secciones/flores-aromaticas-y-medicinales/;Académico;Anual;CONGRESOS Y CONVENCIONES;Mendoza;manual;NS/NC;Desconocido
Seminarios de Inglés;Seminario;Nacional;Educación;2025-04-16;2025-04-29;2025-04-29;2025.0;abril;29;29;"16 abril, 2025;  29 abril 2025; última semana de abril";VERDADERO;;https://www.ucongreso.edu.ar/abogacia-seminarios-de-ingles/;Académico;Anual;CONGRESOS Y CONVENCIONES;Mendoza;manual;todas sus Sedes;Desconocido
20° Encuentro Internacional de Teatro por la Memoria 2025: “A defender la casa”;Encuentro;Nacional;Cultura;2025-03-11;2025-03-13;2025-03-30;2025.0;marzo;13;30;del jueves 13 al sábado 30 de marzo;VERDADERO;;https://www.mendoza.gov.ar/prensa/llega-el-20-encuentro-internacional-de-teatro-por-la-memoria-2025-a-defender-la-casa/;Académico;Anual;CONGRESOS Y CONVENCIONES;Mendoza;manual;distintos espacios artísticos. cine teatro Plaza (Colón 27, Godoy Cruz), Casa de la Cultura y la Memoria (Lavalle 88, Godoy Cruz), Biblioteca + Mediateca Manuel Belgrano (Antonio Tomba 54, Godoy Cruz), Espacio Cultural Julio Le Parc (Mitre y Godoy Cruz, Guaymallén);MENDOZA
Mendoza: Seminarios de Abogacía;Seminario;Local;Derecho;2025-03-17;2025-03-18;2025-04-11;2025.0;marzo;18;11;"17 marzo, 2025; Inicia el martes 18 de marzo 2025; Inicia el miércoles 19 de marzo 2025; Inicia el martes 1 de abril 2025; Hasta el 11 de abril 2025";VERDADERO;;https://www.ucongreso.edu.ar/mendoza-seminarios-de-abogacia/;Académico;Anual;CONGRESOS Y CONVENCIONES;Mendoza;manual;Sede Mendoza;GODOY CRUZ
"XXII Encuentro Internacional Teatro X La Memoria - ""A Defender La Casa""";Encuentro;Nacional;Cultura;2025-06-19;2025-03-25;2025-03-27;2025.0;marzo;25;27;marzo 25 marzo 27;VERDADERO;;https://www.godoycruz.gob.ar/evento/xxii-encuentro-internacional-teatro-x-la-memoria-defender-la-casa-10/;Académico;Anual;CONGRESOS Y CONVENCIONES;Mendoza;manual;Espacio Cultural Julio Le Parc (Mitre y Godoy Cruz, Guaymallén);Desconocido
Federico Tomba recorre la música de Bach y Piazzolla;Evento Cultural;Único;Cultura;2025-04-03;2025-06-03;2025-04-05;2025.0;sabado;5;5;El sábado 5, a las 20 h;VERDADERO;Corregida.;https://www.godoycruz.gob.ar/federico-tomba-recorre-la-musica-bach-piazzolla/;Académico;Anual;CONGRESOS Y CONVENCIONES;Mendoza;manual;Casa de la Cultura y la Memoria, Lavalle 88;Desconocido
"XXII Encuentro Internacional Teatro X La Memoria - ""A Defender La Casa""";Encuentro;Nacional;Cultura;2025-06-19;2025-03-17;2025-03-20;2025.0;marzo;17;20;marzo 17 marzo 20;VERDADERO;;https://www.godoycruz.gob.ar/evento/xxii-encuentro-internacional-teatro-x-la-memoria-defender-la-casa-5/;Académico;Anual;CONGRESOS Y CONVENCIONES;Mendoza;manual;"Espacio Cultural Julio Le Parc
(Mitre y Godoy Cruz, Guaymallén)";Desconocido
Teatro X La Memoria;Evento Cultural;Nacional - Regional (Cuyo);Cultura;2025-03-10;2025-03-13;2025-03-30;2025.0;marzo;13;30;de 13 al 30 de marzo;VERDADERO;;https://www.godoycruz.gob.ar/se-avecina-una-nueva-edicion-teatro-x-la-memoria/;Académico;Anual;CONGRESOS Y CONVENCIONES;Mendoza;manual;distintos puntos culturales.  Teatro Plaza (Colón 27), la Biblioteca + Mediateca Manuel Belgrano (A. Tomba 54), la Casa de la Cultura y la Memoria (Lavalle 88) y el Espacio Cultural Julio Le Parc (Mitre y Godoy Cruz, Guaymallén).;MENDOZA
SHIZEN: la fuerza de lo simple, pequeña pieza improvisada de Danza Butoh;Evento Cultural;Local;Danza;2025-04-17;2025-04-24;2025-04-24;2025.0;abril;24;24;jueves 24 de abril a las 19:30;VERDADERO;;https://viapais.com.ar/rafaela/se-realizara-una-improvisacion-de-danza-butoh-en-el-museo-urbano-poggi/;Académico;Anual;CONGRESOS Y CONVENCIONES;Mendoza;manual;Museo Municipal de Arte “Dr. Urbano Poggi”, sala I;Desconocido
Maestría en Responsabilidad Social y Desarrollo Sostenible | MRS;Otro tipo de evento;Único;Ecología y medio ambiente;2025-04-04;2025-04-04;2025-04-04;2025.0;abril;;;4 de abril de 2025;VERDADERO;;https://fce.uncuyo.edu.ar/estudios/posgrado/203;Académico;Anual;CONGRESOS Y CONVENCIONES;Mendoza;manual;Facultad de Ciencias Económicas de la UNCUYO;Desconocido
Defensa de Seminario de Investigación a cargo de Tomas Nicolás Voto Rosenberg;Seminario;Único;Ciencias naturales y exactas;2025-04-14;2025-04-15;2025-04-15;2025.0;abril;15;15;martes 15 de abril de 2025;VERDADERO;;https://fcen.uncuyo.edu.ar/defensa-de-seminario-de-investigacion-a-cargo-de-tomas-nicolas-voto-rosenberg;Académico;Anual;CONGRESOS Y CONVENCIONES;Mendoza;manual;Auditorio FCEN;Desconocido
Bienvenida ingresantes Primer Semestre 2025;Otro tipo de evento;Único;Educación;2025-03-05;2025-03-07;2025-03-07;2025.0;marzo;7;7;día viernes 7/03 a las 13h;VERDADERO;;https://fcen.uncuyo.edu.ar/bienvenida-ingresantes-primer-semestre-2025;Académico;Anual;CONGRESOS Y CONVENCIONES;Mendoza;manual;fachada de la facultad (frente al bicicletero);Desconocido
Prórroga para presentación de proyectos de Extensión Dra. Sara Rietti 2025;Otro tipo de evento;Local;Ciencias naturales y exactas;2025-03-25;;2025-04-04;2025.0;Abril;;;;VERDADERO;Corregido. Son varios eventos.;https://fcen.uncuyo.edu.ar/convocatoria-para-presentacion-de-proyectos-de-extension-dra-sara-rietti;Académico;Anual;CONGRESOS Y CONVENCIONES;Mendoza;manual;Sede Ciudad de Mendoza;Desconocido
Cursos Optativos 2025;Otro tipo de evento;Único;Ciencias naturales y exactas;2024-10-26;;;2025.0;Marzo/julio;Empiezan en marzo;Terminan en julio;Marzo;VERDADERO;Corregido. Son varios eventos.;https://fcen.uncuyo.edu.ar/cursos-optativos-2025;Académico;Anual;CONGRESOS Y CONVENCIONES;Mendoza;manual;FCEN - Facultad de Ciencias Exactas y Naturales, UNC;Desconocido
Cursos de Posgrado Primer Semestre 2025;Otro tipo de evento;Único;Ciencias naturales y exactas;2025-02-25;;;2025.0;['Marzo', 'Mayo', 'Junio', 'Abril'];;;Primer Semestre 2025. Marzo. Se dicta los viernes de 14 a 18hs. Mayo-Junio. Abril-Mayo. Marzo. En principio martes y jueves de 14 a 17 hs. Comenzaría la semana del 23 de marzo los miércoles de 8:30 a 12:00.;VERDADERO;;https://fcen.uncuyo.edu.ar/cursos-de-posgrado-del-primer-cuatrimestre;Académico;Anual;CONGRESOS Y CONVENCIONES;Mendoza;manual;"FCEN - Facultad de Ciencias Exactas y Naturales
» Padre Jorge Contreras 1300. Parque General San Martín. » M5502JMA. Mendoza, Argentina";Desconocido
Abre la convocatoria para Becas Estudiantiles de Buffet 2025;Otro tipo de evento;Único;Educación;2025-03-26;;;2025.0;;26/3;6/4;;VERDADERO;Corregido;https://fcen.uncuyo.edu.ar/abre-la-convocatoria-para-becas-estudiantiles-de-buffet-2025;Académico;Anual;CONGRESOS Y CONVENCIONES;Mendoza;manual;FCEN - Facultad de Ciencias Exactas y Naturales, UNCuyo;Desconocido
Seminario sobre sistemas adversariales y juicio por jurados – Un enfoque comparado;Seminario;Nacional - Regional (Cuyo);Derecho;2025-05-27;2025-06-05;2025-06-06;2025.0;junio;5;6;Jueves 5 y viernes 6 de junio;VERDADERO;;https://www.ucongreso.edu.ar/seminario-sobre-sistemas-adversariales-y-juicio-por-jurados-un-enfoque-comparado/;Académico;Anual;CONGRESOS Y CONVENCIONES;Mendoza;manual;Polo Judicial Penal (Mendoza);Desconocido
Se presentará una obra colectiva sobre la Ley de Contrato de Teletrabajo;Otro tipo de evento;Único;Derecho;2021-03-25;2025-03-29;2025-03-29;2025.0;marzo;29;29;29 de marzo a las 18 hs.;VERDADERO;;https://derecho.uncuyo.edu.ar/presentacion-de-la-obra-en-conjunto-del-contrato-de-teletrabajo;Académico;Anual;CONGRESOS Y CONVENCIONES;Mendoza;manual;"Plataforma virtual
Zoom";Desconocido
XXX Jornadas Nacionales de Derecho Civil;Jornada;Nacional;Derecho;2025-09-25;2025-09-25;2025-09-27;2025.0;Septiebre;25;27;Del 25 al 27 de Septiembre;VERDADERO;Corregido;https://derecho.uncuyo.edu.ar/;Académico;Anual;CONGRESOS Y CONVENCIONES;Mendoza;manual;;Desconocido
El Doctorado en Ciencias Sociales abre sus inscripciones para el 2025;Otro tipo de evento;Único;Ciencias históricas y sociales;2024-11-27;2025-02-10;2025-02-17;2025.0;febrero;10;17;Del 10 de febrero al 17 de marzo de 2025;VERDADERO;;https://fcp.uncuyo.edu.ar/el-doctorado-en-ciencias-sociales-abre-sus-inscripciones-para-el-2025;Académico;Anual;CONGRESOS Y CONVENCIONES;Mendoza;manual;Facultad de Ciencias Políticas y Sociales de la UNCuyo;Desconocido
Seminario de Posgrado | Política y/o violencia: reflexiones desde la filosofía política contemporánea;Seminario;Único;Derecho;2025-05-13;2025-05-16;2025-05-31;2025.0;mayo;16;31;"13 de mayo de 2025
El seminario se desarrollará los viernes 16, 23 y 30 de mayo y los sábados 17, 24 y 31 de mayo.";VERDADERO;;https://derecho.uncuyo.edu.ar/seminario-de-posgrado-politica-yo-violencia-reflexiones-desde-la-filosofia-politica-contemporanea;Académico;Anual;CONGRESOS Y CONVENCIONES;Mendoza;manual;"Facultad de Derecho
» Centro Universitario » M5500JMA. Mendoza, Argentina";Desconocido
IV Jornadas de Aracnología Mendoza 2025: Un encuentro para profundizar en el estudio de los arácnidos;Jornada;Nacional - Regional (Cuyo);Ciencias naturales y exactas;2025-05-22;2025-10-29;2025-10-31;2025.0;octubre;29;31;del 29 al 31 de octubre de 2025;VERDADERO;;https://fcen.uncuyo.edu.ar/iv-jornadas-de-aracnologia-mendoza-2025-un-encuentro-para-profundizar-en-el-estudio-de-los-aracnidos;Académico;Anual;CONGRESOS Y CONVENCIONES;Mendoza;manual;sede ubicada en Padre Jorge Contreras 1300, Parque General San Martín, Mendoza;Desconocido
Llamado a concursos docentes de la Facultad de Ingeniería;Otro tipo de evento;Único;Educación;2025-02-21;2025-03-05;2025-03-11;2025.0;marzo;5;11;Postulaciones del 05 de marzo de 2025 a las 08:00 al 11 de marzo de 2025 a las 12:00h;VERDADERO;;https://ingenieria.uncuyo.edu.ar/llamado-a-concursos-docentes-de-la-facultad-de-ingenieria2531;Académico;Anual;CONGRESOS Y CONVENCIONES;Mendoza;manual;Facultad de Ingeniería, UNCUYO, Mendoza, Argentina;Desconocido
Historia Social de la Música Latinoamericana;Seminario;Único;Arte y diseño;2025-04-01;2025-04-09;2025-04-25;2025.0;abril;9;25;Miércoles 9 y viernes 11 de abril – de 15:00 a 20:00 Jueves 10 de abril – de 10:00 a 15:00 Miércoles 23 y viernes 25 de abril – de 15:00 a 20:00 Jueves 24 de abril – de 10:00 a 15:00;VERDADERO;;https://fad.uncuyo.edu.ar/inscripciones-abiertas-al-curso-de-posgrado-historia-social-de-la-musica-latinoamericana;Académico;Anual;CONGRESOS Y CONVENCIONES;Mendoza;manual;UNCUYO Facultad de Artes y Diseño;Desconocido
XXX Jornadas Nacionales de Derecho Civil;Jornada;Nacional;Derecho;2025-06-19;2025-06-19;2025-06-19;2025.0;Jun;25;27;Jun 19, 2025;VERDADERO;Corregido.;https://derecho.uncuyo.edu.ar/;Académico;Anual;CONGRESOS Y CONVENCIONES;Mendoza;manual;;Desconocido
El Doctorado en Ciencias Sociales abre sus inscripciones para el 2025;Otro tipo de evento;Único;Ciencias históricas y sociales;2024-11-27;2025-02-10;2025-03-17;2025.0;febrero;10;17;Del 10 de febrero al 17 de marzo de 2025;VERDADERO;;https://fcp.uncuyo.edu.ar/el-doctorado-en-ciencias-sociales-abre-sus-inscripciones-para-el-2025;Académico;Anual;CONGRESOS Y CONVENCIONES;Mendoza;manual;Facultad de Ciencias Políticas y Sociales de la UNCuyo;Desconocido
IV Jornadas de Aracnología Mendoza 2025: Un encuentro para profundizar en el estudio de los arácnidos;Jornada;Nacional - Regional (Cuyo);Ciencias naturales y exactas;2025-05-22;2025-10-29;2025-10-31;2025.0;octubre;29;31;del 29 al 31 de octubre de 2025;VERDADERO;;https://fcen.uncuyo.edu.ar/iv-jornadas-de-aracnologia-mendoza-2025-un-encuentro-para-profundizar-en-el-estudio-de-los-aracnidos;Académico;Anual;CONGRESOS Y CONVENCIONES;Mendoza;manual;Padre Jorge Contreras 1300, Parque General San Martín, Mendoza;Desconocido
Llamado a concursos docentes de la Facultad de Ingeniería;Otro tipo de evento;Único;Educación;2025-02-21;2025-03-05;2025-03-11;2025.0;marzo;5;11;del 05 de marzo de 2025 a las 08:00 al 11 de marzo de 2025 a las 12:00h;VERDADERO;;https://ingenieria.uncuyo.edu.ar/llamado-a-concursos-docentes-de-la-facultad-de-ingenieria2531;Académico;Anual;CONGRESOS Y CONVENCIONES;Mendoza;manual;Facultad de Ingeniería, UNCUYO;Desconocido
"Seminario | ""Niños, niñas y adolescentes en conflicto con la ley penal""";Seminario;Único;Derecho;2025-05-26;2025-06-11;2025-06-18;2025.0;junio;11;18;los miércoles 11 y 18 de junio de 17 a 19 hs;VERDADERO;;https://derecho.uncuyo.edu.ar/seminario-ninos-ninas-y-adolescentes-en-conflicto-con-la-ley-penal;Académico;Anual;CONGRESOS Y CONVENCIONES;Mendoza;manual;Modalidad sincrónica virtual;MENDOZA
