nombreEvento;tipoEvento;detalleTipoRotacion;tema;fecha_edicion;fechaInicio;fechaFinalizacion;dia_inicio;dia_fin;sitioWeb;categoria;frecuencia;agrupacion;provincia;entidadOrganizadora;localidad;sedeRaw_corregida
UDAPALOOZA 2025;Evento Cultural;Único;Arte y diseño;2025-05-23;2025-05-23;2025-05-23;23;23;https://www.uda.edu.ar/index.php/noticias-psi/1677-udapalooza-2025;Académico;Anual;CONGRESOS Y CONVENCIONES;Mendoza;manual;Desconocido;Universidad del Aconcagua
EPA! Encuentro de Públicos y Audiencias;Encuentro;Provincial;Cultura;2025-04-10;2025-04-10;2025-04-13;10;13;https://www.mendoza.gov.ar/prensa/mendoza-vive-la-primera-edicion-de-epa-encuentro-de-publicos-y-audiencias/;Académico;Anual;CONGRESOS Y CONVENCIONES;Mendoza;manual;MENDOZA;Universidad Nacional del Noroeste de Buenos Aires (UNNOBA) - Sede Junín
Mes de la Vinculación;Otro tipo de evento;Nacional - Regional (Cuyo);Multisectorial;2025-06-04;2025-06-05;2025-06-05;5;5;https://www.uncuyo.edu.ar/prensa/mes-de-la-vinculacion-la-uncuyo-busca-ser-parte-activa-en-el-desarrollo-social-y-productivo;Académico;Anual;CONGRESOS Y CONVENCIONES;Mendoza;manual;MENDOZA;Hotel Intercontinental Mendoza Guaymallen
World Hat Walk 2025: Mendoza se une a la celebración global de sombreros;Otro tipo de evento;Nacional - Regional (Cuyo);Diseño de indumentaria y moda;2025-03-28;2025-04-27;2025-04-27;27;27;https://mendoza.puntoapunto.com.ar/world-hat-walk-2025-mendoza-se-une-a-la-celebracion-global-de-sombreros/;Académico;Anual;CONGRESOS Y CONVENCIONES;Mendoza;manual;Desconocido;Parque General San Martín
I Congreso Internacional de Emprendedurismo: Formación, Investigación y Desarrollo;Congreso;Nacional;Management y negocios;2025-03-06;2025-04-14;2025-04-16;14;16;https://www.umaza.edu.ar/el-congreso-que-marcara-el-futuro-del-emprendedurismo;Académico;Anual;CONGRESOS Y CONVENCIONES;Mendoza;manual;Desconocido;Universidad Juan Agustín Maza
Concurso de Fotografía de la Fundación PI D. Chiesa;Exposición;Nacional;Arte y diseño;2025-03-12;2025-04-24;2025-06-08;24;8;https://www.umaza.edu.ar/atractivo-concurso-internacional-de-fotografia;Académico;Anual;CONGRESOS Y CONVENCIONES;Mendoza;manual;Desconocido;Reggio Emilia (Italia)
II Coloquio Nacional Literatura Argentina del Siglo XIX: Homenaje a Juana Paula Manso;Congreso;Nacional;Literatura;2025-04-21;2025-04-21;2025-04-25;21;25;https://ffyl.uncuyo.edu.ar/cursos/item/ii-coloquio-nacional-literatura-argentina-del-siglo-xix-homenaje-a-juana-paula-manso;Académico;Anual;CONGRESOS Y CONVENCIONES;Mendoza;manual;Desconocido;Universidad Nacional de Cuyo (UNCUYO) - Facultad de Filosofía y Letras
Consenso y participación en la Asamblea Ordinaria 2025;Asamblea;Local;Economía;2025-05-23;2025-05-22;2025-05-22;22;22;https://cpcemza.org.ar/A6071_consenso-y-participacion-en-la-asamblea-ordinaria-2025-;Académico;Anual;CONGRESOS Y CONVENCIONES;Mendoza;manual;Desconocido;Campus Dr. Manuel Belgrano
Arte y Agua: Metáfora de Vida y Fuerza Transformadora;Exposición;Local;Arte y diseño;2025-04-11;2025-04-11;2025-04-11;11;11;https://www.mendoza.gov.ar/cultura/actividades-artisticas/inaugura-en-san-rafael-la-muestra-arte-y-agua-metafora-de-vida-y-fuerza-transformadora/;Académico;Anual;CONGRESOS Y CONVENCIONES;Mendoza;manual;Desconocido;Universidad Nacional de Cuyo (UNCUYO)
Defensa de tesis Prof. Fernando Lautaro Ramirez;Otro tipo de evento;Único;Ciencias históricas y sociales;2025-05-29;2025-05-27;2025-05-27;27;27;https://ffyl.uncuyo.edu.ar/defensa-de-tesis-prof-fernando-lautaro-ramirez;Académico;Anual;CONGRESOS Y CONVENCIONES;Mendoza;manual;Desconocido;Hotel (DADO DE BAJA)
RPG Godoy Cruz: El universo del Rol y la literatura se encuentran;Evento Cultural;Local;Literatura;2025-04-08;2025-04-12;2025-04-13;12;13;https://www.godoycruz.gob.ar/rpg-godoy-cruz-universo-del-rol-la-literatura-se-encuentran/;Académico;Anual;CONGRESOS Y CONVENCIONES;Mendoza;manual;MENDOZA;Casa de la Cultura
Audiencia Pública del Malargüe Distrito Minero Occidental 2;Otro tipo de evento;Provincial;Ecología y medio ambiente;2025-05-10;2025-05-10;2025-05-11;10;11;https://www.mendoza.gov.ar/prensa/la-audiencia-publica-del-malargue-distrito-minero-occidental-ii-paso-a-cuarto-intermedio-para-garantizar-la-participacion-de-todos-los-inscriptos/;Académico;Anual;CONGRESOS Y CONVENCIONES;Mendoza;manual;Desconocido;Centro de Convenciones y Exposiciones Thesaurus
Malvinas, retratos de un sentimiento;Exposición;Provincial;Cultura;2025-05-27;2025-06-10;2025-06-13;10;13;https://www.ucongreso.edu.ar/san-juan-la-universidad-de-congreso-homenajea-a-malvinas-con-una-muestra-fotografica-y-un-libro-conmemorativo/;Académico;Anual;CONGRESOS Y CONVENCIONES;Mendoza;manual;Desconocido;Centro de Congresos y Exposiciones Francisco
EPA! Encuentro de Públicos y Audiencias;Encuentro;Provincial;Cultura;2025-04-10;2025-04-10;2025-04-13;10;13;https://www.mendoza.gov.ar/prensa/mendoza-vive-la-primera-edicion-de-epa-encuentro-de-publicos-y-audiencias/;Académico;Anual;CONGRESOS Y CONVENCIONES;Mendoza;manual;MENDOZA;Universidad Nacional del Noroeste de Buenos Aires (UNNOBA) - Sede Junín
Forbes Mining Summit 2025;Foro;Nacional;Minería;2025-05-20;2025-05-20;2025-05-22;20;22;https://www.mendoza.gov.ar/prensa/latorre-mendoza-crea-herramientas-concretas-para-apalancar-el-financiamiento-minero/;Académico;Anual;CONGRESOS Y CONVENCIONES;Mendoza;manual;Desconocido;Universidad Nacional del Noroeste de Buenos Aires (UNNOBA) - Sede Junín
Chile celebra en Mendoza su Día de los Patrimonios culturales 2025;Evento Cultural;Provincial;Cultura;2025-05-29;2025-05-31;2025-05-31;31;31;https://www.mendoza.gov.ar/prensa/chile-celebra-en-mendoza-su-dia-de-los-patrimonios-culturales-2025/;Académico;Anual;CONGRESOS Y CONVENCIONES;Mendoza;manual;MENDOZA;Hotel Intercontinental Mendoza Guaymallen
I Congreso Internacional de Emprendedurismo: Formación, Investigación y Desarrollo;Congreso;Nacional;Management y negocios;2025-03-06;2025-04-14;2025-04-16;14;16;https://www.umaza.edu.ar/el-congreso-que-marcara-el-futuro-del-emprendedurismo;Académico;Anual;CONGRESOS Y CONVENCIONES;Mendoza;manual;Desconocido;Universidad Juan Agustín Maza
Concurso de Fotografía de la Fundación PI D. Chiesa;Exposición;Nacional;Otro;2025-03-12;2025-04-24;2025-06-08;24;8;https://www.umaza.edu.ar/atractivo-concurso-internacional-de-fotografia;Académico;Anual;CONGRESOS Y CONVENCIONES;Mendoza;manual;Desconocido;Reggio Emilia (Italia)
Con distintas actividades, Mendoza conmemora un nuevo aniversario del 25 de Mayo;Evento Cultural;Provincial;Cultura;2025-05-22;2025-05-25;2025-05-25;25;25;https://www.mendoza.gov.ar/prensa/con-distintas-actividades-mendoza-conmemora-un-nuevo-aniversario-del-25-de-mayo/;Académico;Anual;CONGRESOS Y CONVENCIONES;Mendoza;manual;MENDOZA;Universidad Nacional de Cuyo (UNCUYO)
Gran Premio Vendimia del Zonal Cuyano;Evento Deportivo Nacional;Nacional - Regional (Cuyo);Automotores;2025-04-14;2025-04-12;2025-04-13;12;13;https://www.mendovoz.com/deportes/automovilismo/2025/4/14/el-gran-premio-vendimia-del-zonal-cuyano-se-lucio-en-san-martin-154972.html;Académico;Anual;CONGRESOS Y CONVENCIONES;Mendoza;manual;Desconocido;Universidad del Aconcagua
World Hat Walk 2025;Evento Cultural;Nacional - Regional (Cuyo);Arte y diseño;2025-04-09;2025-04-27;2025-04-27;27;27;https://www.mendoza.gov.ar/prensa/world-hat-walk-2025-mendoza-se-une-a-la-celebracion-global-de-sombreros/;Académico;Anual;CONGRESOS Y CONVENCIONES;Mendoza;manual;Desconocido;Parque General San Martín
Mendoza Hat Walk;Evento Cultural;Nacional - Regional (Cuyo);Arte y diseño;2025-04-22;2025-04-27;2025-04-27;27;27;https://www.mendoza.gov.ar/prensa/que-esperar-de-la-mendoza-hat-walk/;Académico;Anual;CONGRESOS Y CONVENCIONES;Mendoza;manual;Desconocido;Parque General San Martín
Jornadas Cuyanas de Dirección de Proyectos;Jornada;Nacional - Regional (Cuyo);Management y negocios;2015-05-29;2025-06-04;2025-06-04;4;4;https://www.uncuyo.edu.ar/prensa/profesionales-en-gestion-de-proyectos-se-reuniran-en-la-uncuyo?utm_campaign=Prensa&utm_term=56;Académico;Anual;CONGRESOS Y CONVENCIONES;Mendoza;manual;Desconocido;Anfiteatro Este
Con distintas actividades, Mendoza conmemora un nuevo aniversario del 25 de Mayo;Evento Cultural;Provincial;Cultura;2025-05-22;2025-05-25;2025-05-25;25;25;https://www.mendoza.gov.ar/prensa/con-distintas-actividades-mendoza-conmemora-un-nuevo-aniversario-del-25-de-mayo/;Académico;Anual;CONGRESOS Y CONVENCIONES;Mendoza;manual;MENDOZA;Universidad Nacional de Cuyo (UNCUYO)
Encuentro Internacional de Café de Especialidad y Negocios;Encuentro;Nacional - Regional (Cuyo);Gastronomía;2025-04-23;2025-04-24;2025-04-26;24;26;https://ecocuyo.com/nota/148541/tres-dias-para-aprender-conectar-y-disfrutar-del-cafe-de-especialidad-en-mendoza/;Académico;Anual;CONGRESOS Y CONVENCIONES;Mendoza;manual;MENDOZA;Espacio Arizu
Coser Sueños Bordar Historias;Exposición;Provincial;Cultura;2025-01-16;2025-01-21;2025-02-28;21;28;https://viapais.com.ar/gualeguaychu/el-museo-del-carnaval-inaugura-una-muestra-itinerante-en-parana/;Académico;Anual;CONGRESOS Y CONVENCIONES;Mendoza;manual;Desconocido;Universidad Nacional de Cuyo (UNCUYO)
40º Congreso Nacional de Viveristas - 19ª Exposición Profesional;Congreso;Nacional;Agricultura y ganadería;2025-04-24;2025-04-24;2025-04-24;24;24;https://www.eventbrite.com.ar/e/40o-congreso-nacional-de-viveristas-19a-exposicion-profesional-tickets-1234804155469;Académico;Anual;CONGRESOS Y CONVENCIONES;Mendoza;manual;Desconocido;NS/NC
Mini galería POP UP: Expo proyectos seleccionados 2025;Exposición;Local;Arquitectura;2025-06-05;2025-06-13;2025-06-13;13;13;https://camza.org.ar/mini-galeria-pop-up-expo-proyectos-seleccionados-2025/;Académico;Anual;CONGRESOS Y CONVENCIONES;Mendoza;manual;Desconocido;Colegio de Arquitectos
"1ª expo mini Galería POP UP 2025 ""edición especial""";Exposición;Local;Arquitectura;2025-04-14;2025-04-25;2025-04-25;25;25;https://camza.org.ar/1a-expo-mini-galeria-pop-up-2025-edicion-especial/;Académico;Anual;CONGRESOS Y CONVENCIONES;Mendoza;manual;Desconocido;Colegio de Arquitectos
Visitá la muestra de Ian Dutari en la galería Pop up del CAMZA;Exposición;Local;Arquitectura;2025-05-07;2025-04-25;2025-05-31;25;31;https://camza.org.ar/visita-la-muestra-de-ian-dutari-en-la-galeria-pop-up-del-camza/;Académico;Anual;CONGRESOS Y CONVENCIONES;Mendoza;manual;Desconocido;Universidad del Aconcagua
Dibujando arquitectura;Seminario;Provincial;Arquitectura;2025-04-04;2025-04-25;2025-04-25;25;25;https://camza.org.ar/ian-dutari-va-a-dictar-un-seminario-sobre-dibujos-y-arquitectura/;Académico;Anual;CONGRESOS Y CONVENCIONES;Mendoza;manual;Desconocido;Colegio de Arquitectos
Conversatorio sobre participación política y acciones positivas;Jornada;Local;Derecho;2025-06-18;2025-06-24;2025-06-24;24;24;https://colabogmza.com.ar/author/martina/;Académico;Anual;CONGRESOS Y CONVENCIONES;Mendoza;manual;Desconocido;Hotel (DADO DE BAJA)
Jornadas de Derecho Civil;Jornada;Provincial;Derecho;2025-05-18;2025-06-03;2025-06-03;3;3;https://colabogmza.com.ar/aida-kemelmajer-de-carlucci-expondra-sobre-prevencion-del-dano/;Académico;Anual;CONGRESOS Y CONVENCIONES;Mendoza;manual;Desconocido;Centro Científico Tecnológico Mendoza (CCT) - Consejo Nacional de Investigaciones Científicas y Técnicas (CONICET)
Originales: Exposición colectiva;Exposición;Local;Arquitectura;2025-05-15;2025-05-16;2025-05-16;16;16;https://um.edu.ar/noticias/originales-exposicion-colectiva-en-el-museo-municipal-de-arte-moderno-de-mendoza/;Académico;Anual;CONGRESOS Y CONVENCIONES;Mendoza;manual;MENDOZA;Museo Municipal de Arte Moderno de Mendoza (MMAMM)
Tres exposiciones se inaugurarán este viernes en el MMAMM;Exposición;Local;Arte y diseño;2025-05-15;2025-05-16;2025-05-16;16;16;https://www.elsol.com.ar/cultura/tres-exposiciones-se-inauguran-este-viernes-en-el-mmamm/;Académico;Anual;CONGRESOS Y CONVENCIONES;Mendoza;manual;Desconocido;Universidad Nacional del Noroeste de Buenos Aires (UNNOBA) - Sede Junín
Se viene Star Wars Day: Todo lo que tenés que saber;Exposición;Local;Entretenimiento, parques y atracciones;2025-04-25;2025-05-04;2025-05-04;4;4;https://www.godoycruz.gob.ar/se-viene-star-wars-day-lo-tenes-saber2/;Académico;Anual;CONGRESOS Y CONVENCIONES;Mendoza;manual;Desconocido;Espacio Verde Luis Menotti Pescarmona
Se inauguró la muestra por el 167º Aniversario de Guaymallén en el Espacio Le Parc;Exposición;Local;Arte y diseño;2025-05-06;2025-05-06;2025-05-22;6;22;https://www.guaymallen.gob.ar/se-inauguro-la-muestra-por-el-167o-aniversario-de-guaymallen-en-el-espacio-le-parc/;Académico;Anual;CONGRESOS Y CONVENCIONES;Mendoza;manual;GUAYMALLEN;Espacio Cultural Julio Le Parc
Destacados artistas visuales se unen en una muestra por el 167º Aniversario de Guaymallén;Exposición;Local;Arte y diseño;2025-04-30;2025-05-05;2025-05-22;5;22;https://www.guaymallen.gob.ar/destacados-artistas-visuales-se-unen-en-una-muestra-por-el-167o-aniversario-de-guaymallen/;Académico;Anual;CONGRESOS Y CONVENCIONES;Mendoza;manual;GUAYMALLEN;Espacio Cultural Julio Le Parc
Arte y Agua: Metáfora de Vida y Fuerza Transformadora;Exposición;Local;Arte y diseño;2025-04-11;2025-04-11;2025-04-11;11;11;https://www.mendoza.gov.ar/cultura/actividades-artisticas/inaugura-en-san-rafael-la-muestra-arte-y-agua-metafora-de-vida-y-fuerza-transformadora/;Académico;Anual;CONGRESOS Y CONVENCIONES;Mendoza;manual;Desconocido;Universidad Nacional de Cuyo (UNCUYO)
“Manifestaciones sutiles”: Ángeles Díaz y Ely Barbero presentan sus óleos y acuarelas en la sala del Lauriente;Exposición;Local;Arte y diseño;2025-06-06;2025-06-12;2025-07-08;12;8;https://www.guaymallen.gob.ar/manifestaciones-sutiles-angeles-diaz-y-ely-barbero-presentan-sus-oleos-y-acuarelas-en-la-sala-del-lauriente/;Académico;Anual;CONGRESOS Y CONVENCIONES;Mendoza;manual;Desconocido;Universidad Nacional de Cuyo (UNCUYO)
EPA! Encuentro de Públicos y Audiencias;Encuentro;Provincial;Cultura;2025-04-10;2025-04-10;2025-04-13;10;13;https://www.mendoza.gov.ar/prensa/mendoza-vive-la-primera-edicion-de-epa-encuentro-de-publicos-y-audiencias/;Académico;Anual;CONGRESOS Y CONVENCIONES;Mendoza;manual;MENDOZA;Universidad Nacional del Noroeste de Buenos Aires (UNNOBA) - Sede Junín
Intensa actividad en los espacios culturales de Mendoza;Evento Cultural;Nacional - Regional (Cuyo);Cultura;2025-05-05;2025-05-01;2025-05-04;1;4;https://www.mendoza.gov.ar/prensa/intensa-actividad-en-los-espacios-culturales-de-mendoza-2/;Académico;Anual;CONGRESOS Y CONVENCIONES;Mendoza;manual;MENDOZA;Hotel Intercontinental Mendoza Guaymallen
Jornadas Instalar;Jornada;Nacional;Industria/Industrial;2025-04-11;2025-04-11;2025-04-12;11;12;https://www.jornadasinstalar.com.ar/mardelplata/agenda.php;Académico;Anual;CONGRESOS Y CONVENCIONES;Mendoza;manual;Desconocido;Universidad del Aconcagua
Jornadas Instalar;Jornada;Nacional - Regional (Centro);Tecnología;2025-04-11;2025-04-11;2025-04-12;11;12;https://www.jornadasinstalar.com.ar/mardelplata/;Académico;Anual;CONGRESOS Y CONVENCIONES;Mendoza;manual;Desconocido;Universidad del Aconcagua
Expocomer Panamá 2025;Feria;Nacional;Multisectorial;2025-03-28;2025-03-24;2025-03-28;24;28;https://www.mendoza.gov.ar/prensa/empresas-mendocinas-se-destacaron-en-expocomer-panama-2025/;Académico;Anual;CONGRESOS Y CONVENCIONES;Mendoza;manual;Desconocido;Universidad Nacional de Cuyo (UNCUYO)
"Diálogos de Arte y Vino en la Terraza de Cassa Lepage";Evento Cultural;Único;Arte y diseño;2025-07-01;2025-07-01;2025-07-01;1;1;https://www.eventbrite.com.ar/e/dialogos-de-arte-y-vino-en-la-terraza-de-cassa-lepage-registration-1096316595449;Académico;Anual;CONGRESOS Y CONVENCIONES;Mendoza;manual;Desconocido;Hotel Intercontinental Mendoza Guaymallen
Dobro Vino i Sretan Uskrs;Evento Cultural;Local;Arte y diseño;2025-04-14;2025-04-15;2025-04-19;15;19;https://www.mendoza.gov.ar/prensa/la-comunidad-croata-en-mendoza-celebra-una-nueva-vendimia-y-pascuas/;Académico;Anual;CONGRESOS Y CONVENCIONES;Mendoza;manual;Desconocido;Centro Científico Tecnológico Mendoza (CCT) - Consejo Nacional de Investigaciones Científicas y Técnicas (CONICET)
World Hat Walk 2025;Evento Cultural;Nacional - Regional (Cuyo);Arte y diseño;2025-04-09;2025-04-27;2025-04-27;27;27;https://www.mendoza.gov.ar/prensa/world-hat-walk-2025-mendoza-se-une-a-la-celebracion-global-de-sombreros/;Académico;Anual;CONGRESOS Y CONVENCIONES;Mendoza;manual;Desconocido;Parque General San Martín
Cronograma 2025 de Educación Superior antes de iniciar las clases;Otro tipo de evento;Provincial;Educación;2025-02-06;2025-03-17;2025-03-25;17;25;https://www.mendoza.gov.ar/prensa/cronograma-2025-de-educacion-superior-antes-de-iniciar-las-clases/;Académico;Anual;CONGRESOS Y CONVENCIONES;Mendoza;manual;MENDOZA;Hotel Intercontinental Mendoza Guaymallen
Festival Provincial del Envero 2025;Evento Cultural;Provincial;Turismo y hotelería;2025-04-23;2025-05-03;2025-05-04;3;4;https://www.mendoza.gov.ar/prensa/mendoza-celebra-su-identidad-olivicola-en-el-festival-provincial-del-envero-2025/;Académico;Anual;CONGRESOS Y CONVENCIONES;Mendoza;manual;Desconocido;Centro de Congresos y Exposiciones Francisco
RPG Godoy Cruz: El universo del Rol y la literatura se encuentran;Evento Cultural;Local;Literatura;2025-04-08;2025-04-12;2025-04-13;12;13;https://www.godoycruz.gob.ar/rpg-godoy-cruz-universo-del-rol-la-literatura-se-encuentran/;Académico;Anual;CONGRESOS Y CONVENCIONES;Mendoza;manual;MENDOZA;Casa de la Cultura
Originales: Exposición colectiva;Exposición;Local;Arquitectura;2025-05-15;2025-05-16;2025-05-16;16;16;https://um.edu.ar/noticias/originales-exposicion-colectiva-en-el-museo-municipal-de-arte-moderno-de-mendoza/;Académico;Anual;CONGRESOS Y CONVENCIONES;Mendoza;manual;MENDOZA;Museo Municipal de Arte Moderno de Mendoza (MMAMM)
Comicruz: Homenaje a la Historieta Argentina;Exposición;Local;Arte y diseño;2025-05-12;2025-05-18;2025-05-18;18;18;https://www.godoycruz.gob.ar/se-viene-comicruz-homenaje-la-historieta-argentina-3/;Académico;Anual;CONGRESOS Y CONVENCIONES;Mendoza;manual;Desconocido;Centro Científico Tecnológico Mendoza (CCT) - Consejo Nacional de Investigaciones Científicas y Técnicas (CONICET)
Bodegas Caro te invita a una exposición vendimial;Exposición;Local;Cultura;2025-03-11;2025-03-13;2025-03-13;13;13;https://www.godoycruz.gob.ar/bodegas-caro-te-invita-una-exposicion-vendimial/;Académico;Anual;CONGRESOS Y CONVENCIONES;Mendoza;manual;Desconocido;Bodega Faraón
Hierro vivo;Exposición;Local;Arte y diseño;2025-02-07;2025-02-14;2025-04-30;14;30;https://www.mendoza.gov.ar/prensa/inaugurara-la-muestra-hierro-vivo-con-esculturas-de-roberto-rosas-en-el-fader/;Académico;Anual;CONGRESOS Y CONVENCIONES;Mendoza;manual;Desconocido;Universidad Nacional de Cuyo (UNCUYO)
Se viene Star Wars Day: Todo lo que tenés que saber;Exposición;Local;Entretenimiento, parques y atracciones;2025-04-25;2025-05-04;2025-05-04;4;4;https://www.godoycruz.gob.ar/se-viene-star-wars-day-lo-tenes-saber2/;Académico;Anual;CONGRESOS Y CONVENCIONES;Mendoza;manual;Desconocido;Espacio Verde Luis Menotti Pescarmona
Dobro Vino i Sretan Uskrs;Exposición;Local;Arte y diseño;2025-04-14;2025-04-15;2025-04-19;15;19;https://www.godoycruz.gob.ar/la-comunidad-croata-celebra-pascuas-vendimia/;Académico;Anual;CONGRESOS Y CONVENCIONES;Mendoza;manual;Desconocido;Universidad Nacional de Cuyo (UNCUYO)
Fiesta Nacional de las Acequias;Evento Cultural;Provincial;Cultura;2025-06-19;2025-03-15;2025-03-15;15;15;https://www.godoycruz.gob.ar/evento/fiesta-nacional-las-acequias/;Académico;Anual;CONGRESOS Y CONVENCIONES;Mendoza;manual;GODOY CRUZ;Parque San Vicente Godoy Cruz
Powercon;Exposición;Local;Entretenimiento, parques y atracciones;2025-01-14;2025-01-25;2025-01-26;25;26;https://www.godoycruz.gob.ar/la-cultura-pop-salta-la-accion-powercon1/;Académico;Anual;CONGRESOS Y CONVENCIONES;Mendoza;manual;GODOY CRUZ;Espacio Arizu
EPA! Encuentro de Públicos y Audiencias;Encuentro;Provincial;Cultura;2025-04-10;2025-04-10;2025-04-13;10;13;https://www.mendoza.gov.ar/prensa/mendoza-vive-la-primera-edicion-de-epa-encuentro-de-publicos-y-audiencias/;Académico;Anual;CONGRESOS Y CONVENCIONES;Mendoza;manual;MENDOZA;Universidad Nacional del Noroeste de Buenos Aires (UNNOBA) - Sede Junín
Feria de Artesanos y Emprendedores;Feria;Local;Arte y diseño;2025-04-11;2025-04-12;2025-04-13;12;13;https://www.mendoza.gov.ar/prensa/mendoza-celebra-las-pascuas-con-feria-de-artesanos-y-emprendedores-en-el-parque-general-san-martin/;Académico;Anual;CONGRESOS Y CONVENCIONES;Mendoza;manual;MENDOZA;Parque General San Martín
Gobierno de Mendoza impulsa la moda sostenible con la apertura del stand de Moda Circular;Exposición;Local;Diseño de indumentaria y moda;2025-04-04;2025-04-04;2025-04-04;4;4;https://www.mendoza.gov.ar/prensa/gobierno-de-mendoza-impulsa-la-moda-sostenible-con-la-apertura-del-stand-de-moda-circular/;Académico;Anual;CONGRESOS Y CONVENCIONES;Mendoza;manual;Desconocido;Parque General San Martín
Chile celebra en Mendoza su Día de los Patrimonios culturales 2025;Evento Cultural;Provincial;Cultura;2025-05-29;2025-05-31;2025-05-31;31;31;https://www.mendoza.gov.ar/prensa/chile-celebra-en-mendoza-su-dia-de-los-patrimonios-culturales-2025/;Académico;Anual;CONGRESOS Y CONVENCIONES;Mendoza;manual;MENDOZA;Hotel Intercontinental Mendoza Guaymallen
“Manifestaciones sutiles”;Exposición;Local;Arte y diseño;2025-06-06;2025-06-12;2025-07-08;12;8;https://www.guaymallen.gob.ar/manifestaciones-sutiles-angeles-diaz-y-ely-barbero-presentan-sus-oleos-y-acuarelas-en-la-sala-del-lauriente/;Académico;Anual;CONGRESOS Y CONVENCIONES;Mendoza;manual;Desconocido;Universidad Nacional de Cuyo (UNCUYO)
Tres exposiciones se inaugurarán este viernes en el MMAMM;Exposición;Local;Arte y diseño;2025-05-15;2025-05-16;2025-05-16;16;16;https://www.elsol.com.ar/cultura/tres-exposiciones-se-inauguran-este-viernes-en-el-mmamm/;Académico;Anual;CONGRESOS Y CONVENCIONES;Mendoza;manual;Desconocido;Universidad Nacional del Noroeste de Buenos Aires (UNNOBA) - Sede Junín
Infoday CUIA;Jornada;Nacional - Regional (Cuyo);Educación;2011-04-08;2025-04-14;2025-04-15;14;15;https://www.uncuyo.edu.ar/prensa/universidades-italianas-presentaran-posibilidades-de-cooperacion;Académico;Anual;CONGRESOS Y CONVENCIONES;Mendoza;manual;Desconocido;Universidad Nacional del Noroeste de Buenos Aires (UNNOBA) - Sede Junín
"""Copas y texturas"": arte, vino y música en una noche para los sentidos";Evento Cultural;Único;Arte y diseño;2025-06-06;2025-06-14;2025-06-14;14;14;https://www.mendovoz.com/eskpe/2025/6/6/copas-texturas-arte-vino-musica-en-una-noche-para-los-sentidos-157073.html;Académico;Anual;CONGRESOS Y CONVENCIONES;Mendoza;manual;Desconocido;centro astuariano Godoy cruz
Sans etiquette vol. 1;Evento Cultural;Local;Diseño de indumentaria y moda;2025-06-08;2025-06-21;2025-06-21;21;21;https://www.mendovoz.com/eskpe/2025/6/8/moda-sin-etiquetas-llega-sans-etiquette-vol-1-espacio-arizu-157145.html;Académico;Anual;CONGRESOS Y CONVENCIONES;Mendoza;manual;GODOY CRUZ;Espacio Arizu
Jornada Internacional de la Francofonía 2025: Je m'éduque, donc j'agis;Jornada;Nacional;Lingüística;2025-03-26;2025-03-22;2025-03-22;22;22;https://ffyl.uncuyo.edu.ar/el-sabado-22-de-marzo-de-2025-se-celebro-en-mendoza-la-jornada-internacional-de-la-francofonia-2025-je-meduque-donc-jagis-en-el-museo-nacional-del-vino-y-la-vendimia-en-maipu;Académico;Anual;CONGRESOS Y CONVENCIONES;Mendoza;manual;Desconocido;MUSEO NACIONAL DEL VINO Y LA VENDIMIA
II Coloquio Nacional Literatura Argentina del Siglo XIX: Homenaje a Juana Paula Manso;Congreso;Nacional;Literatura;2024-10-26;2025-04-21;2025-04-25;21;25;https://ffyl.uncuyo.edu.ar/cursos/item/ii-coloquio-nacional-literatura-argentina-del-siglo-xix-homenaje-a-juana-paula-manso;Académico;Anual;CONGRESOS Y CONVENCIONES;Mendoza;manual;Desconocido;Universidad Nacional de Cuyo (UNCUYO) - Facultad de Filosofía y Letras
Workshopos de Investigadores en Ciencias de la Computación;Workshop;NS/NC;Tecnología;2024-11-29;2025-04-10;2025-04-11;10;11;https://ingenieria.uncuyo.edu.ar/wicc2025/upload/65e71343fb52d0fd763cb3edd700a70c.pdf;Académico;Anual;CONGRESOS Y CONVENCIONES;Mendoza;manual;Desconocido;NS/NC
Jornada por la Semana Argentina de la Salud y Seguridad en el Trabajo en el Valle de Uco;Jornada;Provincial;Seguridad;2025-05-06;2025-04-29;2025-04-29;29;29;https://www.copigmza.org.ar/copig-participo-en-jornada-por-la-semana-argentina-de-la-salud-y-seguridad-en-el-trabajo-en-el-valle-de-uco/;Académico;Anual;CONGRESOS Y CONVENCIONES;Mendoza;manual;Desconocido;Universidad Nacional de Cuyo (UNCUYO)
XIII EnIDI;Encuentro;Nacional - Regional (Cuyo);Ciencias naturales y exactas;2025-06-11;2025-10-15;2025-10-17;15;17;https://ingenieria.uncuyo.edu.ar/ya-se-pueden-presentar-trabajos-para-el-xiii-enidi;Académico;Anual;CONGRESOS Y CONVENCIONES;Mendoza;manual;Desconocido;Los Reyunos
Fiesta Nacional de la Ganadería de Zonas Áridas;Feria;Nacional - Regional (Cuyo);Agricultura y ganadería;2025-05-09;2025-05-07;2025-05-11;7;11;https://diariosanrafael.com.ar/grupo-lorenzo-es-la-sensacion-en-la-fiesta-nacional-de-la-ganaderia-con-sus-tests-drives-el-sorteo-de-una-ranger-0km-y-muchisimas-sorpresas/;Académico;Anual;CONGRESOS Y CONVENCIONES;Mendoza;manual;CIUDAD DE GENERAL ALVEAR;Predio ferial de General Alvear
Agenda Cultural y Turística;Otro tipo de evento;Local;Cultura;2024-06-12;2025-05-23;2025-07-04;23;4;https://www.guaymallen.gob.ar/category/agenda-cultural/;Académico;Anual;CONGRESOS Y CONVENCIONES;Mendoza;manual;GUAYMALLEN;Centro cultural Pascual Lauriente - Municipalidad de Guaymallén
Jornada Internacional de la Francofonía 2025: Je m'éduque, donc j'agis;Jornada;Nacional;Lingüística;2025-03-26;2025-03-22;2025-03-22;22;22;https://ffyl.uncuyo.edu.ar/el-sabado-22-de-marzo-de-2025-se-celebro-en-mendoza-la-jornada-internacional-de-la-francofonia-2025-je-meduque-donc-jagis-en-el-museo-nacional-del-vino-y-la-vendimia-en-maipu;Académico;Anual;CONGRESOS Y CONVENCIONES;Mendoza;manual;Desconocido;MUSEO NACIONAL DEL VINO Y LA VENDIMIA
Jornada por la Semana Argentina de la Salud y Seguridad en el Trabajo en el Valle de Uco;Jornada;Provincial;Seguridad;2025-05-06;2025-04-29;2025-04-29;29;29;https://www.copigmza.org.ar/copig-participo-en-jornada-por-la-semana-argentina-de-la-salud-y-seguridad-en-el-trabajo-en-el-valle-de-uco/;Académico;Anual;CONGRESOS Y CONVENCIONES;Mendoza;manual;Desconocido;Universidad Nacional de Cuyo (UNCUYO)
Dobro Vino i Sretan Uskrs;Exposición;Local;Arte y diseño;2025-04-14;2025-04-15;2025-04-19;15;19;https://www.godoycruz.gob.ar/la-comunidad-croata-celebra-pascuas-vendimia/;Académico;Anual;CONGRESOS Y CONVENCIONES;Mendoza;manual;Desconocido;Universidad Nacional de Cuyo (UNCUYO)
Jornada Internacional de la Francofonía 2025: Je m'éduque, donc j'agis;Jornada;Nacional;Cultura;2025-03-26;2025-03-22;2025-03-22;22;22;https://ffyl.uncuyo.edu.ar/el-sabado-22-de-marzo-de-2025-se-celebro-en-mendoza-la-jornada-internacional-de-la-francofonia-2025-je-meduque-donc-jagis-en-el-museo-nacional-del-vino-y-la-vendimia-en-maipu;Académico;Anual;CONGRESOS Y CONVENCIONES;Mendoza;manual;Desconocido;MUSEO NACIONAL DEL VINO Y LA VENDIMIA
Día de la Numismática Argentina;Exposición;Provincial;Cultura;2025-06-19;2025-04-13;2025-04-13;13;13;https://www.godoycruz.gob.ar/evento/dia-la-numismatica-argentina/;Académico;Anual;CONGRESOS Y CONVENCIONES;Mendoza;manual;Desconocido;Parque Benegas
El Centro Cultural Coreano llega a Mendoza para sumergirse en la cultura asiática;Evento Cultural;Nacional - Regional (Cuyo);Cultura;2025-05-15;2025-05-24;2025-05-31;24;31;https://www.godoycruz.gob.ar/centro-cultural-coreano-llega-mendoza-sumergirse-la-cultura-asiatica/;Académico;Anual;CONGRESOS Y CONVENCIONES;Mendoza;manual;Desconocido;Centro Patrimonial y Artístico Cristoforo Colombo
TODO LO QUE PUEDE UN CUERPO;Exposición;Local;Arte y diseño;2025-05-13;2025-05-16;2025-05-16;16;16;https://mendoza.puntoapunto.com.ar/barbara-negroni-fotografa-rosarina-inaugura-todo-lo-que-puede-un-cuerpo-en-el-hualta-winery-hotel/;Académico;Anual;CONGRESOS Y CONVENCIONES;Mendoza;manual;Desconocido;Universidad Nacional de Cuyo (UNCUYO)
"""El centro es rojo"": la materia que late en las manos de Vivian Magis";Exposición;Local;Arte y diseño;2025-05-26;2025-06-01;2025-06-29;1;29;https://fad.uncuyo.edu.ar/el-centro-es-rojo-la-materia-que-late-en-las-manos-de-vivian-magis;Académico;Anual;CONGRESOS Y CONVENCIONES;Mendoza;manual;Desconocido;Museo Carlos Alonso - Mansión Stoppel
Atando Caos;Exposición;Único;Arte y diseño;2025-05-29;2025-06-05;2025-06-29;5;29;https://nave.uncuyo.edu.ar/novedad/atando-caos-la-nueva-muestra-en-el-espacio-de-arte-luis-quesada;Académico;Anual;CONGRESOS Y CONVENCIONES;Mendoza;manual;Desconocido;Nave UNCUYO
Atando Caos;Exposición;Local;Arte y diseño;2025-06-05;2025-06-05;2025-06-29;5;29;https://nave.uncuyo.edu.ar/evento/item/atando-caos-la-nueva-muestra-en-el-espacio-de-arte-luis-quesada;Académico;Anual;CONGRESOS Y CONVENCIONES;Mendoza;manual;Desconocido;Nave UNCUYO
Con distintas actividades, Mendoza conmemora un nuevo aniversario del 25 de Mayo;Evento Cultural;Provincial;Cultura;2025-05-22;2025-05-25;2025-05-25;25;25;https://www.mendoza.gov.ar/prensa/con-distintas-actividades-mendoza-conmemora-un-nuevo-aniversario-del-25-de-mayo/;Académico;Anual;CONGRESOS Y CONVENCIONES;Mendoza;manual;MENDOZA;Hotel Intercontinental Mendoza Guaymallen
Bodegas Caro te invita a una exposición vendimial;Exposición;Local;Cultura;2025-03-11;2025-03-13;2025-03-13;13;13;https://www.godoycruz.gob.ar/bodegas-caro-te-invita-una-exposicion-vendimial/;Académico;Anual;CONGRESOS Y CONVENCIONES;Mendoza;manual;Desconocido;Bodega Faraón
Interwine China 2025;Feria;Nacional;Alimentos;2025-05-22;2025-05-20;2025-05-22;20;22;https://www.mendoza.gov.ar/prensa/balance-positivo-para-las-bodegas-mendocinas-tras-su-participacion-en-interwine-china-2025/;Académico;Anual;CONGRESOS Y CONVENCIONES;Mendoza;manual;Desconocido;Hotel (DADO DE BAJA)
Paseo de las Burbujas y Sabores del Mundo;Evento Cultural;Local;Cultura;2025-02-12;2025-02-21;2025-02-23;21;23;https://www.guaymallen.gob.ar/llega-una-nueva-edicion-del-paseo-de-las-burbujas-y-sabores-del-mundo-a-guaymallen/;Académico;Anual;CONGRESOS Y CONVENCIONES;Mendoza;manual;Desconocido;Boulevard Dorrego
Se inauguró la muestra por el 167º Aniversario de Guaymallén en el Espacio Le Parc;Exposición;Local;Arte y diseño;2025-05-06;2025-05-06;2025-05-22;6;22;https://www.guaymallen.gob.ar/se-inauguro-la-muestra-por-el-167o-aniversario-de-guaymallen-en-el-espacio-le-parc/;Académico;Anual;CONGRESOS Y CONVENCIONES;Mendoza;manual;GUAYMALLEN;Espacio Cultural Julio Le Parc
Jornada Internacional de la Francofonía 2025: Je m'éduque, donc j'agis;Jornada;Nacional;Lingüística;2025-03-26;2025-03-22;2025-03-22;22;22;https://ffyl.uncuyo.edu.ar/el-sabado-22-de-marzo-de-2025-se-celebro-en-mendoza-la-jornada-internacional-de-la-francofonia-2025-je-meduque-donc-jagis-en-el-museo-nacional-del-vino-y-la-vendimia-en-maipu;Académico;Anual;CONGRESOS Y CONVENCIONES;Mendoza;manual;Desconocido;MUSEO NACIONAL DEL VINO Y LA VENDIMIA
Intensa actividad en los espacios culturales de Mendoza;Evento Cultural;Provincial;Cultura;2025-05-05;2025-05-01;2025-05-04;1;4;https://www.mendoza.gov.ar/prensa/intensa-actividad-en-los-espacios-culturales-de-mendoza-2/;Académico;Anual;CONGRESOS Y CONVENCIONES;Mendoza;manual;MENDOZA;Hotel Intercontinental Mendoza Guaymallen
Estos son los recomendados culturales para los próximos días;Evento Cultural;Provincial;Cultura;2025-05-29;2025-05-29;2025-06-01;29;1;https://www.mendoza.gov.ar/prensa/estos-son-los-recomendados-culturales-para-los-proximos-dias/;Académico;Anual;CONGRESOS Y CONVENCIONES;Mendoza;manual;MENDOZA;Centro Científico Tecnológico Mendoza (CCT) - Consejo Nacional de Investigaciones Científicas y Técnicas (CONICET)
Encuentro Trasandino de Grabado y Arte Impreso;Encuentro;Nacional;Arte y diseño;2025-03-10;2025-03-13;2025-03-15;13;15;https://www.godoycruz.gob.ar/llega-godoy-cruz-encuentro-trasandino-grabado-arte-impreso/;Académico;Anual;CONGRESOS Y CONVENCIONES;Mendoza;manual;GODOY CRUZ;Casa de la Cultura
Comicruz;Exposición;Nacional;Arte y diseño;2025-06-19;2025-05-18;2025-05-18;18;18;https://www.godoycruz.gob.ar/evento/comicruz1/;Académico;Anual;CONGRESOS Y CONVENCIONES;Mendoza;manual;Desconocido;Centro Patrimonial y Artístico Cristoforo Colombo
El Centro Cultural Coreano llega a Mendoza para sumergirse en la cultura asiática;Evento Cultural;Nacional - Regional (Cuyo);Cultura;2025-05-15;2025-05-24;2025-05-31;24;31;https://www.godoycruz.gob.ar/centro-cultural-coreano-llega-mendoza-sumergirse-la-cultura-asiatica/;Académico;Anual;CONGRESOS Y CONVENCIONES;Mendoza;manual;Desconocido;Centro Patrimonial y Artístico Cristoforo Colombo
Con distintas actividades, Mendoza conmemora un nuevo aniversario del 25 de Mayo;Evento Cultural;Provincial;Cultura;2025-05-22;2025-05-25;2025-05-25;25;25;https://www.mendoza.gov.ar/prensa/con-distintas-actividades-mendoza-conmemora-un-nuevo-aniversario-del-25-de-mayo/;Académico;Anual;CONGRESOS Y CONVENCIONES;Mendoza;manual;MENDOZA;Universidad Nacional de Cuyo (UNCUYO)
Mendocann;Exposición;Nacional;Agricultura y ganadería;2025-04-07;2025-04-11;2025-04-12;11;12;https://www.copigmza.org.ar/mendocann-ingenieros-as-agronomos-as-tendran-entrada-libre-y-gratuita-inscribite/;Académico;Anual;CONGRESOS Y CONVENCIONES;Mendoza;manual;Desconocido;Espacio Arizu
Bodegas Caro te invita a una exposición vendimial;Exposición;Local;Cultura;2025-03-11;2025-03-13;2025-03-13;13;13;https://www.godoycruz.gob.ar/bodegas-caro-te-invita-una-exposicion-vendimial/;Académico;Anual;CONGRESOS Y CONVENCIONES;Mendoza;manual;Desconocido;Bodega Faraón
Comicruz: Homenaje a la Historieta Argentina;Exposición;Nacional - Regional (Cuyo);Arte y diseño;2025-05-12;2025-05-18;2025-05-18;18;18;https://www.godoycruz.gob.ar/se-viene-comicruz-homenaje-la-historieta-argentina-3/;Académico;Anual;CONGRESOS Y CONVENCIONES;Mendoza;manual;Desconocido;Centro Científico Tecnológico Mendoza (CCT) - Consejo Nacional de Investigaciones Científicas y Técnicas (CONICET)
VII Asamblea de la Red Argentina de Municipios contra el Cambio Climático;Asamblea;Nacional;Ecología y medio ambiente;2025-04-02;2025-04-04;2025-04-05;4;5;https://www.godoycruz.gob.ar/estos-seran-los-ejes-la-asamblea-la-ramcc-se-realizara-godoy-cruz/;Académico;Anual;CONGRESOS Y CONVENCIONES;Mendoza;manual;GODOY CRUZ;Espacio Arizu
Fiesta del Puestero Sureño y de la expo caprino – ovina;Exposición;Nacional - Regional (Cuyo);Agricultura y ganadería;2025-05-14;2025-05-16;2025-05-18;16;18;https://diariosanrafael.com.ar/nueva-edicion-de-la-fiesta-del-puestero-sureno-y-de-la-expo-caprino-ovina/;Académico;Anual;CONGRESOS Y CONVENCIONES;Mendoza;manual;Desconocido;REPETIDO USAR EL OTRO Instituto de Educación Superior (IES)
Chaves Municipio conmemoró el Día del Veterano y de los Caídos en la Guerra de Malvinas;Evento Cultural;Local;Cultura;2025-04-03;2025-04-03;2025-04-15;3;15;https://viapais.com.ar/tres-arroyos/chaves-municipio-conmemoro-el-dia-del-veterano-y-de-los-caidos-en-la-guerra-de-malvinas/;Académico;Anual;CONGRESOS Y CONVENCIONES;Mendoza;manual;Desconocido;Salón Malvinas
Se viene Star Wars Day: Todo lo que tenés que saber;Exposición;Local;Entretenimiento, parques y atracciones;2025-04-25;2025-05-04;2025-05-04;4;4;https://www.godoycruz.gob.ar/se-viene-star-wars-day-lo-tenes-saber2/;Académico;Anual;CONGRESOS Y CONVENCIONES;Mendoza;manual;MENDOZA;Espacio Verde Luis Menotti Pescarmona
RPG Godoy Cruz: El universo del Rol y la literatura se encuentran;Evento Cultural;Local;Literatura;2025-04-08;2025-04-12;2025-04-13;12;13;https://www.godoycruz.gob.ar/rpg-godoy-cruz-universo-del-rol-la-literatura-se-encuentran/;Académico;Anual;CONGRESOS Y CONVENCIONES;Mendoza;manual;MENDOZA;Casa de la Cultura
Muestra Colectiva;Exposición;Local;Arte y diseño;2025-02-13;2025-02-20;2025-02-20;20;20;https://www.godoycruz.gob.ar/se-inaugura-la-15o-edicion-la-muestra-colectiva2/;Académico;Anual;CONGRESOS Y CONVENCIONES;Mendoza;manual;Desconocido;Hotel (DADO DE BAJA)
Dionisias Wine Fair;Feria;Nacional - Regional (Cuyo);Turismo y hotelería;2025-06-19;2025-02-28;2025-03-01;28;1;https://ecocuyo.com/nota/148262/las-mujeres-del-vino-con-record-de-bodegas-regresa-dionisias-wine-fair/;Académico;Anual;CONGRESOS Y CONVENCIONES;Mendoza;manual;Desconocido;Casa de la Cultura
Atando Caos;Exposición;Local;Arte y diseño;2025-05-29;2025-06-05;2025-06-29;5;29;https://nave.uncuyo.edu.ar/novedad/atando-caos-la-nueva-muestra-en-el-espacio-de-arte-luis-quesada;Académico;Anual;CONGRESOS Y CONVENCIONES;Mendoza;manual;Desconocido;Nave UNCUYO
Concierto de familia: propuesta musical de película con clásicos y pixeles;Evento Cultural;Único;Cultura;2025-05-12;2025-05-16;2025-05-16;16;16;https://nave.uncuyo.edu.ar/novedad/concierto-de-familia-propuesta-musical-de-pelicula-con-clasicos-y-pixeles;Académico;Anual;CONGRESOS Y CONVENCIONES;Mendoza;manual;Desconocido;Nave UNCUYO
Atando Caos;Exposición;Local;Arte y diseño;2025-06-05;2025-06-05;2025-06-29;5;29;https://nave.uncuyo.edu.ar/evento/item/atando-caos-la-nueva-muestra-en-el-espacio-de-arte-luis-quesada;Académico;Anual;CONGRESOS Y CONVENCIONES;Mendoza;manual;Desconocido;Nave UNCUYO
Malargüe celebra la Semana de la Miel 2025;Otro tipo de evento;Local;Agricultura y ganadería;2025-07-19;2025-05-20;2025-05-24;20;24;https://www.malargue.gov.ar/malargue-celebra-la-semana-de-la-miel-2025/;Académico;Anual;CONGRESOS Y CONVENCIONES;Mendoza;manual;MALARGUE;Municipalidad de Malargüe
Concierto para la familia;Evento Cultural;Local;Cultura;2025-05-13;2025-05-16;2025-05-16;16;16;https://www.elsol.com.ar/cultura/la-orquesta-sinfonica-uncuyo-ofrecera-el-ciclo-concierto-para-la-familia/;Académico;Anual;CONGRESOS Y CONVENCIONES;Mendoza;manual;Desconocido;Nave UNCUYO
Malvinas, retratos de un sentimiento;Exposición;Provincial;Cultura;2025-05-27;2025-06-10;2025-06-13;10;13;https://www.ucongreso.edu.ar/san-juan-la-universidad-de-congreso-homenajea-a-malvinas-con-una-muestra-fotografica-y-un-libro-conmemorativo/;Académico;Anual;CONGRESOS Y CONVENCIONES;Mendoza;manual;Desconocido;Centro de Congresos y Exposiciones Francisco
4° Seminario Internacional de Cerezas Frescas Tempranas 2025;Seminario;Nacional;Agricultura y ganadería;2025-03-29;2025-04-03;2025-04-04;3;4;https://www.mendoza.gov.ar/prensa/mendoza-sera-sede-de-la-cuarta-edicion-del-seminario-internacional-de-cerezas-frescas-tempranas-2025/;Académico;Anual;CONGRESOS Y CONVENCIONES;Mendoza;manual;Desconocido;Nave Cultural
Seminario sobre sistemas adversariales y juicio por jurados – Un enfoque comparado;Seminario;Nacional - Regional (Cuyo);Derecho;2025-05-27;2025-06-05;2025-06-06;5;6;https://www.ucongreso.edu.ar/seminario-sobre-sistemas-adversariales-y-juicio-por-jurados-un-enfoque-comparado/;Académico;Anual;CONGRESOS Y CONVENCIONES;Mendoza;manual;Desconocido;Polo Judicial de Mendoza.
Seminario sobre sistemas adversariales y juicio por jurados – Un enfoque comparado;Seminario;Nacional - Regional (Cuyo);Derecho;2025-05-27;2025-06-05;2025-06-06;5;6;https://www.ucongreso.edu.ar/seminario-sobre-sistemas-adversariales-y-juicio-por-jurados-un-enfoque-comparado/;Académico;Anual;CONGRESOS Y CONVENCIONES;Mendoza;manual;Desconocido;Polo Judicial de Mendoza.
IV Jornadas de Aracnología Mendoza 2025: Un encuentro para profundizar en el estudio de los arácnidos;Jornada;Nacional - Regional (Cuyo);Ciencias naturales y exactas;2025-05-22;2025-10-29;2025-10-31;29;31;https://fcen.uncuyo.edu.ar/iv-jornadas-de-aracnologia-mendoza-2025-un-encuentro-para-profundizar-en-el-estudio-de-los-aracnidos;Académico;Anual;CONGRESOS Y CONVENCIONES;Mendoza;manual;Desconocido;Parque General San Martín
Historia Social de la Música Latinoamericana;Seminario;Único;Arte y diseño;2025-04-01;2025-04-09;2025-04-25;9;25;https://fad.uncuyo.edu.ar/inscripciones-abiertas-al-curso-de-posgrado-historia-social-de-la-musica-latinoamericana;Académico;Anual;CONGRESOS Y CONVENCIONES;Mendoza;manual;Desconocido;Modalidad: Virtual
20° Encuentro Internacional de Teatro por la Memoria 2025: “A defender la casa”;Encuentro;Nacional;Cultura;2025-03-11;2025-03-13;2025-03-30;13;30;https://www.mendoza.gov.ar/prensa/llega-el-20-encuentro-internacional-de-teatro-por-la-memoria-2025-a-defender-la-casa/;Académico;Anual;CONGRESOS Y CONVENCIONES;Mendoza;manual;MENDOZA;Universidad Nacional de Cuyo (UNCUYO)
Seminario sobre sistemas adversariales y juicio por jurados – Un enfoque comparado;Seminario;Nacional - Regional (Cuyo);Derecho;2025-05-27;2025-06-05;2025-06-06;5;6;https://www.ucongreso.edu.ar/seminario-sobre-sistemas-adversariales-y-juicio-por-jurados-un-enfoque-comparado/;Académico;Anual;CONGRESOS Y CONVENCIONES;Mendoza;manual;Desconocido;Polo Judicial de Mendoza.
Seminarios de Inglés;Seminario;Nacional;Educación;2025-04-16;2025-04-16;2025-04-29;16;29;https://www.ucongreso.edu.ar/abogacia-seminarios-de-ingles/;Académico;Anual;CONGRESOS Y CONVENCIONES;Mendoza;manual;Desconocido;Predio Ferial Agro-Ganadero en La Paz
Mendoza: Seminarios de Abogacía;Seminario;Local;Derecho;2025-03-17;2025-03-18;2025-04-11;18;11;https://www.ucongreso.edu.ar/mendoza-seminarios-de-abogacia/;Académico;Anual;CONGRESOS Y CONVENCIONES;Mendoza;manual;MENDOZA;OSDE Mendoza
Federico Tomba recorre la música de Bach y Piazzolla;Evento Cultural;Local;Cultura;2025-04-03;2025-06-05;2025-06-05;5;5;https://www.godoycruz.gob.ar/federico-tomba-recorre-la-musica-bach-piazzolla/;Académico;Anual;CONGRESOS Y CONVENCIONES;Mendoza;manual;Desconocido;Casa de la Cultura
Teatro X La Memoria;Evento Cultural;Provincial;Cultura;2025-03-10;2025-03-13;2025-03-30;13;30;https://www.godoycruz.gob.ar/se-avecina-una-nueva-edicion-teatro-x-la-memoria/;Académico;Anual;CONGRESOS Y CONVENCIONES;Mendoza;manual;Desconocido;Espacio Cultural Julio Le Parc
Seminario sobre sistemas adversariales y juicio por jurados – Un enfoque comparado;Seminario;Nacional - Regional (Cuyo);Derecho;2025-05-27;2025-06-05;2025-06-06;5;6;https://www.ucongreso.edu.ar/seminario-sobre-sistemas-adversariales-y-juicio-por-jurados-un-enfoque-comparado/;Académico;Anual;CONGRESOS Y CONVENCIONES;Mendoza;manual;Desconocido;Polo Judicial de Mendoza.
Seminario sobre Inteligencia Artificial aplicada a la industria;Seminario;Nacional - Regional (Cuyo);Tecnología;2018-11-01;2025-11-08;2025-11-09;8;9;https://ingenieria.uncuyo.edu.ar/seminario-sobre-inteligencia-artificial-aplicada-a-la-industria;Académico;Anual;CONGRESOS Y CONVENCIONES;Mendoza;manual;Desconocido;Anfiteatro Este
Seminario Proyecto Discipulado con el Dr. Lucas Leys (Bs. As. Zona Norte);Seminario;Local;Religión;2025-05-13;2025-05-13;2025-05-13;13;13;https://www.eventbrite.com.ar/e/seminario-proyecto-discipulado-con-el-dr-lucas-leys-bs-as-zona-norte-tickets-1336545887729;Académico;Anual;CONGRESOS Y CONVENCIONES;Mendoza;manual;Desconocido;Bs. As. Zona Norte
El Doctorado en Ciencias Sociales abre sus inscripciones para el 2025;Otro tipo de evento;Único;Ciencias históricas y sociales;2024-11-27;2025-02-10;2025-02-17;10;17;https://fcp.uncuyo.edu.ar/el-doctorado-en-ciencias-sociales-abre-sus-inscripciones-para-el-2025;Académico;Anual;CONGRESOS Y CONVENCIONES;Mendoza;manual;Desconocido;Universidad de Mendoza (UM)
V Seminario Cordillerano teórico práctico sobre herramientas recursivas existentes ante una sentencia adversa;Seminario;Único;Derecho;2025-05-23;2025-05-27;2025-06-24;27;24;https://derecho.uncuyo.edu.ar/v-seminario-coordillerano-teorico-practico-sobre-herramientas-recursivas-existentes-ante-una-sentencia-adversa;Académico;Anual;CONGRESOS Y CONVENCIONES;Mendoza;manual;Desconocido;Universidad de Mendoza (UM)
Dibujando arquitectura;Seminario;Provincial;Arquitectura;2025-04-04;2025-04-25;2025-04-25;25;25;https://camza.org.ar/ian-dutari-va-a-dictar-un-seminario-sobre-dibujos-y-arquitectura/;Académico;Anual;CONGRESOS Y CONVENCIONES;Mendoza;manual;Desconocido;Colegio de Arquitectos
Seminario sobre sistemas adversariales y juicio por jurados – Un enfoque comparado;Seminario;Nacional - Regional (Cuyo);Derecho;2025-05-27;2025-06-05;2025-06-06;5;6;https://www.ucongreso.edu.ar/seminario-sobre-sistemas-adversariales-y-juicio-por-jurados-un-enfoque-comparado/;Académico;Anual;CONGRESOS Y CONVENCIONES;Mendoza;manual;Desconocido;Polo Judicial de Mendoza.
Seminarios de Inglés;Seminario;NS/NC;Educación;2025-04-16;2025-04-16;2025-04-29;16;29;https://www.ucongreso.edu.ar/abogacia-seminarios-de-ingles/;Académico;Anual;CONGRESOS Y CONVENCIONES;Mendoza;manual;Desconocido;Predio Ferial Agro-Ganadero en La Paz
1° Seminario de Posgrado | “Administración de Consorcio para Profesionales”;Seminario;Único;Derecho;2025-03-21;2025-03-21;2025-06-24;21;24;https://derecho.uncuyo.edu.ar/1-seminario-de-posgrado-administracion-de-consorcio-para-profesionales;Académico;Anual;CONGRESOS Y CONVENCIONES;Mendoza;manual;Desconocido;Centro de Congresos y Exposiciones Francisco
Dibujando arquitectura;Seminario;Provincial;Arquitectura;2025-04-04;2025-04-25;2025-04-25;25;25;https://camza.org.ar/ian-dutari-va-a-dictar-un-seminario-sobre-dibujos-y-arquitectura/;Académico;Anual;CONGRESOS Y CONVENCIONES;Mendoza;manual;Desconocido;Colegio de Arquitectos
Seminario sobre sistemas adversariales y juicio por jurados – Un enfoque comparado;Seminario;Nacional - Regional (Cuyo);Derecho;2025-05-27;2025-06-05;2025-06-06;5;6;https://www.ucongreso.edu.ar/seminario-sobre-sistemas-adversariales-y-juicio-por-jurados-un-enfoque-comparado/;Académico;Anual;CONGRESOS Y CONVENCIONES;Mendoza;manual;Desconocido;Polo Judicial de Mendoza.
Seminario Abogadas/os de niñas, niños y adolescentes;Seminario;Nacional - Regional (Cuyo);Derecho;2024-04-25;2025-05-08;2025-05-22;8;22;https://derecho.uncuyo.edu.ar/seminario-abogadasos-de-ninas-ninos-y-adolescentes;Académico;Anual;CONGRESOS Y CONVENCIONES;Mendoza;manual;Desconocido;Centro de Congresos y Exposiciones Francisco
I Congreso Iberoamericano de Criminología Aplicada;Congreso;Nacional;Derecho;2025-05-29;2025-07-04;2025-07-05;4;5;https://colabogmza.com.ar/category/cursos-capacitaciones/;Académico;Anual;CONGRESOS Y CONVENCIONES;Mendoza;manual;MENDOZA;Universidad del Aconcagua
Conversatorio sobre participación política y acciones positivas;Jornada;Local;Gobierno/Sindical;2025-06-18;2025-06-24;2025-06-24;24;24;https://colabogmza.com.ar/author/martina/;Académico;Anual;CONGRESOS Y CONVENCIONES;Mendoza;manual;Desconocido;Hotel (DADO DE BAJA)
Seminario intensivo de tango;Seminario;Local;Danza;2025-01-14;2025-01-18;2025-01-18;18;18;https://www.mendoza.gov.ar/prensa/se-realizara-el-seminario-intensivo-de-tango-en-el-espacio-cultural-julio-le-parc/;Académico;Anual;CONGRESOS Y CONVENCIONES;Mendoza;manual;GUAYMALLEN;Centro de Congresos y Exposiciones Francisco
20° Encuentro Internacional de Teatro por la Memoria 2025: “A defender la casa”;Encuentro;Nacional;Cultura;2025-03-11;2025-03-13;2025-03-30;13;30;https://www.mendoza.gov.ar/prensa/llega-el-20-encuentro-internacional-de-teatro-por-la-memoria-2025-a-defender-la-casa/;Académico;Anual;CONGRESOS Y CONVENCIONES;Mendoza;manual;MENDOZA;Centro Científico Tecnológico Mendoza (CCT) - Consejo Nacional de Investigaciones Científicas y Técnicas (CONICET)
"XXII Encuentro Internacional Teatro X La Memoria - ""A Defender La Casa""";Encuentro;Nacional;Cultura;2025-06-19;2025-03-25;2025-03-27;25;27;https://www.godoycruz.gob.ar/evento/xxii-encuentro-internacional-teatro-x-la-memoria-defender-la-casa-10/;Académico;Anual;CONGRESOS Y CONVENCIONES;Mendoza;manual;Desconocido;Espacio Cultural Julio Le Parc
4° Seminario Internacional de Cerezas Frescas Tempranas 2025;Seminario;Nacional;Agricultura y ganadería;2025-03-29;2025-04-03;2025-04-04;3;4;https://www.mendoza.gov.ar/prensa/mendoza-sera-sede-de-la-cuarta-edicion-del-seminario-internacional-de-cerezas-frescas-tempranas-2025/;Académico;Anual;CONGRESOS Y CONVENCIONES;Mendoza;manual;Desconocido;Nave Cultural
Seminario Internacional de Cerezas Frescas Tempranas 2025;Seminario;Nacional;Agricultura y ganadería;2025-04-03;2025-04-03;2025-04-04;3;4;https://www.mendoza.gov.ar/prensa/mendoza-fue-sede-del-seminario-internacional-de-cerezas-frescas-tempranas-2025/;Académico;Anual;CONGRESOS Y CONVENCIONES;Mendoza;manual;MENDOZA;Nave Cultural
Seminario sobre sistemas adversariales y juicio por jurados – Un enfoque comparado;Seminario;Nacional - Regional (Cuyo);Derecho;2025-05-27;2025-06-05;2025-06-06;5;6;https://www.ucongreso.edu.ar/seminario-sobre-sistemas-adversariales-y-juicio-por-jurados-un-enfoque-comparado/;Académico;Anual;CONGRESOS Y CONVENCIONES;Mendoza;manual;Desconocido;Polo Judicial de Mendoza.
XXVI Seminario de cebolla del Mercosur 2025;Seminario;Nacional;Agricultura y ganadería;2025-03-21;2025-03-21;2025-03-22;21;22;https://intainforma.inta.gob.ar/secciones/flores-aromaticas-y-medicinales/;Académico;Anual;CONGRESOS Y CONVENCIONES;Mendoza;manual;Desconocido;NS/NC
Seminarios de Inglés;Seminario;Nacional;Educación;2025-04-16;2025-04-29;2025-04-29;29;29;https://www.ucongreso.edu.ar/abogacia-seminarios-de-ingles/;Académico;Anual;CONGRESOS Y CONVENCIONES;Mendoza;manual;Desconocido;todas sus Sedes
20° Encuentro Internacional de Teatro por la Memoria 2025: “A defender la casa”;Encuentro;Nacional;Cultura;2025-03-11;2025-03-13;2025-03-30;13;30;https://www.mendoza.gov.ar/prensa/llega-el-20-encuentro-internacional-de-teatro-por-la-memoria-2025-a-defender-la-casa/;Académico;Anual;CONGRESOS Y CONVENCIONES;Mendoza;manual;MENDOZA;Universidad Nacional de Cuyo (UNCUYO)
Mendoza: Seminarios de Abogacía;Seminario;Local;Derecho;2025-03-17;2025-03-18;2025-04-11;18;11;https://www.ucongreso.edu.ar/mendoza-seminarios-de-abogacia/;Académico;Anual;CONGRESOS Y CONVENCIONES;Mendoza;manual;GODOY CRUZ;OSDE Mendoza
"XXII Encuentro Internacional Teatro X La Memoria - ""A Defender La Casa""";Encuentro;Nacional;Cultura;2025-06-19;2025-03-25;2025-03-27;25;27;https://www.godoycruz.gob.ar/evento/xxii-encuentro-internacional-teatro-x-la-memoria-defender-la-casa-10/;Académico;Anual;CONGRESOS Y CONVENCIONES;Mendoza;manual;Desconocido;Espacio Cultural Julio Le Parc
Federico Tomba recorre la música de Bach y Piazzolla;Evento Cultural;Único;Cultura;2025-04-03;2025-06-03;2025-04-05;5;5;https://www.godoycruz.gob.ar/federico-tomba-recorre-la-musica-bach-piazzolla/;Académico;Anual;CONGRESOS Y CONVENCIONES;Mendoza;manual;Desconocido;Casa de la Cultura
"XXII Encuentro Internacional Teatro X La Memoria - ""A Defender La Casa""";Encuentro;Nacional;Cultura;2025-06-19;2025-03-17;2025-03-20;17;20;https://www.godoycruz.gob.ar/evento/xxii-encuentro-internacional-teatro-x-la-memoria-defender-la-casa-5/;Académico;Anual;CONGRESOS Y CONVENCIONES;Mendoza;manual;Desconocido;Espacio Cultural Julio Le Parc
Teatro X La Memoria;Evento Cultural;Nacional - Regional (Cuyo);Cultura;2025-03-10;2025-03-13;2025-03-30;13;30;https://www.godoycruz.gob.ar/se-avecina-una-nueva-edicion-teatro-x-la-memoria/;Académico;Anual;CONGRESOS Y CONVENCIONES;Mendoza;manual;MENDOZA;Espacio Cultural Julio Le Parc
SHIZEN: la fuerza de lo simple, pequeña pieza improvisada de Danza Butoh;Evento Cultural;Local;Danza;2025-04-17;2025-04-24;2025-04-24;24;24;https://viapais.com.ar/rafaela/se-realizara-una-improvisacion-de-danza-butoh-en-el-museo-urbano-poggi/;Académico;Anual;CONGRESOS Y CONVENCIONES;Mendoza;manual;Desconocido;Universidad de Mendoza (UM)
Defensa de Seminario de Investigación a cargo de Tomas Nicolás Voto Rosenberg;Seminario;Único;Ciencias naturales y exactas;2025-04-14;2025-04-15;2025-04-15;15;15;https://fcen.uncuyo.edu.ar/defensa-de-seminario-de-investigacion-a-cargo-de-tomas-nicolas-voto-rosenberg;Académico;Anual;CONGRESOS Y CONVENCIONES;Mendoza;manual;Desconocido;Auditorio Ángel Bustelo
Bienvenida ingresantes Primer Semestre 2025;Otro tipo de evento;Único;Educación;2025-03-05;2025-03-07;2025-03-07;7;7;https://fcen.uncuyo.edu.ar/bienvenida-ingresantes-primer-semestre-2025;Académico;Anual;CONGRESOS Y CONVENCIONES;Mendoza;manual;Desconocido;Universidad de Mendoza (UM)
Seminario sobre sistemas adversariales y juicio por jurados – Un enfoque comparado;Seminario;Nacional - Regional (Cuyo);Derecho;2025-05-27;2025-06-05;2025-06-06;5;6;https://www.ucongreso.edu.ar/seminario-sobre-sistemas-adversariales-y-juicio-por-jurados-un-enfoque-comparado/;Académico;Anual;CONGRESOS Y CONVENCIONES;Mendoza;manual;Desconocido;Polo Judicial de Mendoza.
Se presentará una obra colectiva sobre la Ley de Contrato de Teletrabajo;Otro tipo de evento;Único;Derecho;2021-03-25;2025-03-29;2025-03-29;29;29;https://derecho.uncuyo.edu.ar/presentacion-de-la-obra-en-conjunto-del-contrato-de-teletrabajo;Académico;Anual;CONGRESOS Y CONVENCIONES;Mendoza;manual;Desconocido;"Plataforma virtual Zoom"
El Doctorado en Ciencias Sociales abre sus inscripciones para el 2025;Otro tipo de evento;Único;Ciencias históricas y sociales;2024-11-27;2025-02-10;2025-02-17;10;17;https://fcp.uncuyo.edu.ar/el-doctorado-en-ciencias-sociales-abre-sus-inscripciones-para-el-2025;Académico;Anual;CONGRESOS Y CONVENCIONES;Mendoza;manual;Desconocido;Universidad de Mendoza (UM)
Seminario de Posgrado | Política y/o violencia: reflexiones desde la filosofía política contemporánea;Seminario;Único;Derecho;2025-05-13;2025-05-16;2025-05-31;16;31;https://derecho.uncuyo.edu.ar/seminario-de-posgrado-politica-yo-violencia-reflexiones-desde-la-filosofia-politica-contemporanea;Académico;Anual;CONGRESOS Y CONVENCIONES;Mendoza;manual;Desconocido;Universidad Nacional de Cuyo (UNCUYO)
IV Jornadas de Aracnología Mendoza 2025: Un encuentro para profundizar en el estudio de los arácnidos;Jornada;Nacional - Regional (Cuyo);Ciencias naturales y exactas;2025-05-22;2025-10-29;2025-10-31;29;31;https://fcen.uncuyo.edu.ar/iv-jornadas-de-aracnologia-mendoza-2025-un-encuentro-para-profundizar-en-el-estudio-de-los-aracnidos;Académico;Anual;CONGRESOS Y CONVENCIONES;Mendoza;manual;Desconocido;Parque General San Martín
Llamado a concursos docentes de la Facultad de Ingeniería;Otro tipo de evento;Único;Educación;2025-02-21;2025-03-05;2025-03-11;5;11;https://ingenieria.uncuyo.edu.ar/llamado-a-concursos-docentes-de-la-facultad-de-ingenieria2531;Académico;Anual;CONGRESOS Y CONVENCIONES;Mendoza;manual;Desconocido;Universidad de Mendoza (UM)
Historia Social de la Música Latinoamericana;Seminario;Único;Arte y diseño;2025-04-01;2025-04-09;2025-04-25;9;25;https://fad.uncuyo.edu.ar/inscripciones-abiertas-al-curso-de-posgrado-historia-social-de-la-musica-latinoamericana;Académico;Anual;CONGRESOS Y CONVENCIONES;Mendoza;manual;Desconocido;Hotel (DADO DE BAJA)
El Doctorado en Ciencias Sociales abre sus inscripciones para el 2025;Otro tipo de evento;Único;Ciencias históricas y sociales;2024-11-27;2025-02-10;2025-03-17;10;17;https://fcp.uncuyo.edu.ar/el-doctorado-en-ciencias-sociales-abre-sus-inscripciones-para-el-2025;Académico;Anual;CONGRESOS Y CONVENCIONES;Mendoza;manual;Desconocido;Universidad de Mendoza (UM)
IV Jornadas de Aracnología Mendoza 2025: Un encuentro para profundizar en el estudio de los arácnidos;Jornada;Nacional - Regional (Cuyo);Ciencias naturales y exactas;2025-05-22;2025-10-29;2025-10-31;29;31;https://fcen.uncuyo.edu.ar/iv-jornadas-de-aracnologia-mendoza-2025-un-encuentro-para-profundizar-en-el-estudio-de-los-aracnidos;Académico;Anual;CONGRESOS Y CONVENCIONES;Mendoza;manual;Desconocido;Parque General San Martín
Llamado a concursos docentes de la Facultad de Ingeniería;Otro tipo de evento;Único;Educación;2025-02-21;2025-03-05;2025-03-11;5;11;https://ingenieria.uncuyo.edu.ar/llamado-a-concursos-docentes-de-la-facultad-de-ingenieria2531;Académico;Anual;CONGRESOS Y CONVENCIONES;Mendoza;manual;Desconocido;Centro de Congresos y Exposiciones Francisco
"Seminario | ""Niños, niñas y adolescentes en conflicto con la ley penal""";Seminario;Único;Derecho;2025-05-26;2025-06-11;2025-06-18;11;18;https://derecho.uncuyo.edu.ar/seminario-ninos-ninas-y-adolescentes-en-conflicto-con-la-ley-penal;Académico;Anual;CONGRESOS Y CONVENCIONES;Mendoza;manual;MENDOZA;Modalidad sincrónica virtual
